query	target	fident	alnlen	mismatch	gapopen	qstart	qend	tstart	tend	evalue	bits	qlen	tlen	qtmscore	ttmscore	alntmscore	rmsd	prob	taxid	taxname	taxlineage
0.pdb	6eka_B	0.299	672	349	20	1	637	1	585	2.142E-43	1569	639	588	7.788E-01	8.431E-01	8.431E-01	6.645E+00	1.000	515849	Podospora anserina S mat+	-_cellular organisms;d_Eukaryota;-_Opisthokonta;k_Fungi;-_Dikarya;p_Ascomycota;-_saccharomyceta;-_Pezizomycotina;-_leotiomyceta;-_sordariomyceta;c_Sordariomycetes;-_Sordariomycetidae;o_Sordariales;f_Podosporaceae;g_Podospora;s_Podospora anserina;-_Podospora anserina S mat+
0.pdb	4iqd_A	0.196	640	416	25	4	637	2	548	1.078E-31	1061	639	556	7.240E-01	8.242E-01	8.242E-01	5.626E+00	1.000	1392	Bacillus anthracis	-_cellular organisms;d_Bacteria;-_Terrabacteria group;p_Bacillota;c_Bacilli;o_Bacillales;f_Bacillaceae;g_Bacillus;-_Bacillus cereus group;s_Bacillus anthracis
0.pdb	5ip9_A	0.192	650	390	26	1	637	1	528	7.811E-31	1041	639	536	6.974E-01	8.211E-01	8.211E-01	5.234E+00	1.000	4932	Saccharomyces cerevisiae	-_cellular organisms;d_Eukaryota;-_Opisthokonta;k_Fungi;-_Dikarya;p_Ascomycota;-_saccharomyceta;-_Saccharomycotina;c_Saccharomycetes;o_Saccharomycetales;f_Saccharomycetaceae;g_Saccharomyces;s_Saccharomyces cerevisiae
0.pdb	4iq0_C	0.193	657	411	29	4	637	2	562	3.393E-31	1029	639	570	7.186E-01	7.999E-01	7.999E-01	6.496E+00	1.000	1313	Streptococcus pneumoniae	-_cellular organisms;d_Bacteria;-_Terrabacteria group;p_Bacillota;c_Bacilli;o_Lactobacillales;f_Streptococcaceae;g_Streptococcus;s_Streptococcus pneumoniae
0.pdb	3hdy_D	0.163	655	416	28	1	634	1	544	1.958E-28	901	639	551	6.697E-01	7.669E-01	7.669E-01	7.922E+00	1.000	1299	Deinococcus radiodurans	-_cellular organisms;d_Bacteria;-_Terrabacteria group;p_Deinococcota;c_Deinococci;o_Deinococcales;f_Deinococcaceae;g_Deinococcus;s_Deinococcus radiodurans
0.pdb	3iow_A	0.189	653	419	31	3	634	2	564	2.821E-28	878	639	567	6.760E-01	7.551E-01	7.551E-01	8.754E+00	1.000	83333	Escherichia coli K-12	-_cellular organisms;d_Bacteria;p_Pseudomonadota;c_Gammaproteobacteria;o_Enterobacterales;f_Enterobacteriaceae;g_Escherichia;s_Escherichia coli;-_Escherichia coli K-12
0.pdb	3d2u_E	0.158	655	424	28	4	635	3	552	8.426E-28	863	639	558	6.570E-01	7.435E-01	7.435E-01	9.014E+00	1.000	10359	Human betaherpesvirus 5	d_Viruses;-_Duplodnaviria;k_Heunggongvirae;p_Peploviricota;c_Herviviricetes;o_Herpesvirales;f_Herpesviridae;-_Betaherpesvirinae;g_Cytomegalovirus;s_Human betaherpesvirus 5
0.pdb	3hdy_G	0.165	652	399	28	8	635	6	536	2.044E-27	856	639	542	6.604E-01	7.678E-01	7.678E-01	6.588E+00	1.000	1299	Deinococcus radiodurans	-_cellular organisms;d_Bacteria;-_Terrabacteria group;p_Deinococcota;c_Deinococci;o_Deinococcales;f_Deinococcaceae;g_Deinococcus;s_Deinococcus radiodurans
0.pdb	1it3_D	0.163	644	429	26	8	635	4	553	4.509E-28	856	639	561	6.478E-01	7.301E-01	7.301E-01	8.896E+00	1.000	7764	Eptatretus burgeri	-_cellular organisms;d_Eukaryota;-_Opisthokonta;k_Metazoa;-_Eumetazoa;-_Bilateria;-_Deuterostomia;p_Chordata;-_Craniata;-_Vertebrata;-_Cyclostomata;c_Myxini;o_Myxiniformes;f_Myxinidae;-_Eptatretinae;g_Eptatretus;s_Eptatretus burgeri
0.pdb	2arf_A	0.167	638	408	26	13	634	2	532	1.083E-26	848	639	542	6.539E-01	7.600E-01	7.600E-01	8.784E+00	1.000	9606	Homo sapiens	-_cellular organisms;d_Eukaryota;-_Opisthokonta;k_Metazoa;-_Eumetazoa;-_Bilateria;-_Deuterostomia;p_Chordata;-_Craniata;-_Vertebrata;-_Gnathostomata;-_Teleostomi;-_Euteleostomi;-_Sarcopterygii;-_Dipnotetrapodomorpha;-_Tetrapoda;-_Amniota;c_Mammalia;-_Theria;-_Eutheria;-_Boreoeutheria;-_Euarchontoglires;o_Primates;-_Haplorrhini;-_Simiiformes;-_Catarrhini;-_Hominoidea;f_Hominidae;-_Homininae;g_Homo;s_Homo sapiens
0.pdb	8fpt_C	0.158	643	404	26	10	634	5	528	1.073E-25	823	639	533	6.621E-01	7.806E-01	7.806E-01	6.676E+00	1.000	9606	Homo sapiens	-_cellular organisms;d_Eukaryota;-_Opisthokonta;k_Metazoa;-_Eumetazoa;-_Bilateria;-_Deuterostomia;p_Chordata;-_Craniata;-_Vertebrata;-_Gnathostomata;-_Teleostomi;-_Euteleostomi;-_Sarcopterygii;-_Dipnotetrapodomorpha;-_Tetrapoda;-_Amniota;c_Mammalia;-_Theria;-_Eutheria;-_Boreoeutheria;-_Euarchontoglires;o_Primates;-_Haplorrhini;-_Simiiformes;-_Catarrhini;-_Hominoidea;f_Hominidae;-_Homininae;g_Homo;s_Homo sapiens
0.pdb	8fpt_E	0.155	661	395	31	4	634	2	528	3.784E-26	809	639	534	6.377E-01	7.509E-01	7.509E-01	6.959E+00	1.000	9606	Homo sapiens	-_cellular organisms;d_Eukaryota;-_Opisthokonta;k_Metazoa;-_Eumetazoa;-_Bilateria;-_Deuterostomia;p_Chordata;-_Craniata;-_Vertebrata;-_Gnathostomata;-_Teleostomi;-_Euteleostomi;-_Sarcopterygii;-_Dipnotetrapodomorpha;-_Tetrapoda;-_Amniota;c_Mammalia;-_Theria;-_Eutheria;-_Boreoeutheria;-_Euarchontoglires;o_Primates;-_Haplorrhini;-_Simiiformes;-_Catarrhini;-_Hominoidea;f_Hominidae;-_Homininae;g_Homo;s_Homo sapiens
0.pdb	2aq8_A	0.169	653	410	29	8	634	4	549	2.494E-26	797	639	556	6.337E-01	7.202E-01	7.202E-01	8.973E+00	1.000	1773	Mycobacterium tuberculosis	-_cellular organisms;d_Bacteria;-_Terrabacteria group;p_Actinomycetota;c_Actinomycetes;o_Mycobacteriales;f_Mycobacteriaceae;g_Mycobacterium;-_Mycobacterium tuberculosis complex;s_Mycobacterium tuberculosis
0.pdb	8fpt_H	0.156	653	408	24	9	634	4	540	2.888E-25	795	639	545	6.533E-01	7.576E-01	7.576E-01	7.461E+00	1.000	9606	Homo sapiens	-_cellular organisms;d_Eukaryota;-_Opisthokonta;k_Metazoa;-_Eumetazoa;-_Bilateria;-_Deuterostomia;p_Chordata;-_Craniata;-_Vertebrata;-_Gnathostomata;-_Teleostomi;-_Euteleostomi;-_Sarcopterygii;-_Dipnotetrapodomorpha;-_Tetrapoda;-_Amniota;c_Mammalia;-_Theria;-_Eutheria;-_Boreoeutheria;-_Euarchontoglires;o_Primates;-_Haplorrhini;-_Simiiformes;-_Catarrhini;-_Hominoidea;f_Hominidae;-_Homininae;g_Homo;s_Homo sapiens
0.pdb	5c31_G	0.168	653	402	27	9	634	2	540	3.206E-25	794	639	543	6.537E-01	7.597E-01	7.597E-01	7.443E+00	1.000	1280	Staphylococcus aureus	-_cellular organisms;d_Bacteria;-_Terrabacteria group;p_Bacillota;c_Bacilli;o_Bacillales;f_Staphylococcaceae;g_Staphylococcus;s_Staphylococcus aureus
0.pdb	5c31_H	0.161	656	409	25	7	634	1	543	1.063E-24	777	639	546	6.592E-01	7.623E-01	7.623E-01	6.879E+00	1.000	1280	Staphylococcus aureus	-_cellular organisms;d_Bacteria;-_Terrabacteria group;p_Bacillota;c_Bacilli;o_Bacillales;f_Staphylococcaceae;g_Staphylococcus;s_Staphylococcus aureus
0.pdb	8fpt_G	0.169	648	417	30	8	635	2	548	5.398E-25	776	639	552	6.622E-01	7.560E-01	7.560E-01	7.325E+00	1.000	9606	Homo sapiens	-_cellular organisms;d_Eukaryota;-_Opisthokonta;k_Metazoa;-_Eumetazoa;-_Bilateria;-_Deuterostomia;p_Chordata;-_Craniata;-_Vertebrata;-_Gnathostomata;-_Teleostomi;-_Euteleostomi;-_Sarcopterygii;-_Dipnotetrapodomorpha;-_Tetrapoda;-_Amniota;c_Mammalia;-_Theria;-_Eutheria;-_Boreoeutheria;-_Euarchontoglires;o_Primates;-_Haplorrhini;-_Simiiformes;-_Catarrhini;-_Hominoidea;f_Hominidae;-_Homininae;g_Homo;s_Homo sapiens
0.pdb	7e20_A	0.161	649	411	29	1	634	1	530	4.773E-23	727	639	533	6.603E-01	7.766E-01	7.766E-01	6.766E+00	1.000	9606	Homo sapiens	-_cellular organisms;d_Eukaryota;-_Opisthokonta;k_Metazoa;-_Eumetazoa;-_Bilateria;-_Deuterostomia;p_Chordata;-_Craniata;-_Vertebrata;-_Gnathostomata;-_Teleostomi;-_Euteleostomi;-_Sarcopterygii;-_Dipnotetrapodomorpha;-_Tetrapoda;-_Amniota;c_Mammalia;-_Theria;-_Eutheria;-_Boreoeutheria;-_Euarchontoglires;o_Primates;-_Haplorrhini;-_Simiiformes;-_Catarrhini;-_Hominoidea;f_Hominidae;-_Homininae;g_Homo;s_Homo sapiens
0.pdb	4amw_B	0.165	670	401	29	6	631	15	570	2.506E-21	572	639	574	5.432E-01	5.929E-01	5.929E-01	9.466E+00	1.000	2782	Gracilariopsis lemaneiformis	-_cellular organisms;d_Eukaryota;p_Rhodophyta;c_Florideophyceae;-_Rhodymeniophycidae;o_Gracilariales;f_Gracilariaceae;g_Gracilariopsis;s_Gracilariopsis lemaneiformis
0.pdb	4amw_C	0.159	672	408	29	6	631	15	575	5.769E-21	562	639	581	5.397E-01	5.836E-01	5.836E-01	9.481E+00	1.000	2782	Gracilariopsis lemaneiformis	-_cellular organisms;d_Eukaryota;p_Rhodophyta;c_Florideophyceae;-_Rhodymeniophycidae;o_Gracilariales;f_Gracilariaceae;g_Gracilariopsis;s_Gracilariopsis lemaneiformis
0.pdb	4amv_C	0.165	670	395	27	6	632	15	563	9.715E-21	548	639	568	5.185E-01	5.704E-01	5.704E-01	1.044E+01	1.000	562	Escherichia coli	-_cellular organisms;d_Bacteria;p_Pseudomonadota;c_Gammaproteobacteria;o_Enterobacterales;f_Enterobacteriaceae;g_Escherichia;s_Escherichia coli
0.pdb	4amw_A	0.162	669	402	26	6	632	15	566	1.816E-20	532	639	570	5.067E-01	5.558E-01	5.558E-01	1.078E+01	1.000	2782	Gracilariopsis lemaneiformis	-_cellular organisms;d_Eukaryota;p_Rhodophyta;c_Florideophyceae;-_Rhodymeniophycidae;o_Gracilariales;f_Gracilariaceae;g_Gracilariopsis;s_Gracilariopsis lemaneiformis
0.pdb	4alm_B	0.140	697	428	33	5	639	8	595	3.221E-20	526	639	601	5.364E-01	5.650E-01	5.650E-01	1.106E+01	1.000	1280	Staphylococcus aureus	-_cellular organisms;d_Bacteria;-_Terrabacteria group;p_Bacillota;c_Bacilli;o_Bacillales;f_Staphylococcaceae;g_Staphylococcus;s_Staphylococcus aureus
0.pdb	2alb_A	0.148	694	429	28	5	639	8	598	1.724E-20	521	639	605	5.349E-01	5.605E-01	5.605E-01	1.393E+01	1.000	0	unclassified	unclassified
0.pdb	4alm_C	0.142	695	430	31	5	639	8	596	1.068E-19	506	639	602	5.330E-01	5.598E-01	5.598E-01	1.153E+01	1.000	1280	Staphylococcus aureus	-_cellular organisms;d_Bacteria;-_Terrabacteria group;p_Bacillota;c_Bacilli;o_Bacillales;f_Staphylococcaceae;g_Staphylococcus;s_Staphylococcus aureus
0.pdb	7d1u_K	0.151	695	408	34	5	632	8	587	8.590E-19	490	639	590	5.359E-01	5.725E-01	5.725E-01	1.123E+01	1.000	32053	Thermostichus vulcanus	-_cellular organisms;d_Bacteria;-_Terrabacteria group;-_Cyanobacteriota/Melainabacteria group;p_Cyanobacteriota;c_Cyanophyceae;o_Thermostichales;f_Thermostichaceae;g_Thermostichus;s_Thermostichus vulcanus
0.pdb	7d1u_L	0.144	678	431	31	5	632	8	586	1.691E-18	483	639	589	5.340E-01	5.712E-01	5.712E-01	1.162E+01	1.000	32053	Thermostichus vulcanus	-_cellular organisms;d_Bacteria;-_Terrabacteria group;-_Cyanobacteriota/Melainabacteria group;p_Cyanobacteriota;c_Cyanophyceae;o_Thermostichales;f_Thermostichaceae;g_Thermostichus;s_Thermostichus vulcanus
0.pdb	4all_C	0.145	692	432	30	5	639	8	596	5.964E-19	480	639	604	5.252E-01	5.501E-01	5.501E-01	1.369E+01	1.000	1280	Staphylococcus aureus	-_cellular organisms;d_Bacteria;-_Terrabacteria group;p_Bacillota;c_Bacilli;o_Bacillales;f_Staphylococcaceae;g_Staphylococcus;s_Staphylococcus aureus
0.pdb	2izm_C	0.753	138	34	0	5	142	3	140	1.987E-13	472	639	140	1.908E-01	7.825E-01	7.825E-01	4.723E+00	1.000	12022	Escherichia phage MS2	d_Viruses;-_Riboviria;k_Orthornavirae;p_Lenarviricota;c_Leviviricetes;o_Norzivirales;f_Fiersviridae;g_Emesvirus;s_Emesvirus zinderi;-_Escherichia phage MS2
0.pdb	7e20_B	0.145	654	350	32	1	633	1	466	2.154E-16	466	639	467	5.345E-01	7.055E-01	7.055E-01	8.827E+00	1.000	9606	Homo sapiens	-_cellular organisms;d_Eukaryota;-_Opisthokonta;k_Metazoa;-_Eumetazoa;-_Bilateria;-_Deuterostomia;p_Chordata;-_Craniata;-_Vertebrata;-_Gnathostomata;-_Teleostomi;-_Euteleostomi;-_Sarcopterygii;-_Dipnotetrapodomorpha;-_Tetrapoda;-_Amniota;c_Mammalia;-_Theria;-_Eutheria;-_Boreoeutheria;-_Euarchontoglires;o_Primates;-_Haplorrhini;-_Simiiformes;-_Catarrhini;-_Hominoidea;f_Hominidae;-_Homininae;g_Homo;s_Homo sapiens
0.pdb	8dj4_A	0.135	702	399	35	5	639	8	568	2.290E-17	440	639	574	5.003E-01	5.473E-01	5.473E-01	1.126E+01	1.000	9606	Homo sapiens	-_cellular organisms;d_Eukaryota;-_Opisthokonta;k_Metazoa;-_Eumetazoa;-_Bilateria;-_Deuterostomia;p_Chordata;-_Craniata;-_Vertebrata;-_Gnathostomata;-_Teleostomi;-_Euteleostomi;-_Sarcopterygii;-_Dipnotetrapodomorpha;-_Tetrapoda;-_Amniota;c_Mammalia;-_Theria;-_Eutheria;-_Boreoeutheria;-_Euarchontoglires;o_Primates;-_Haplorrhini;-_Simiiformes;-_Catarrhini;-_Hominoidea;f_Hominidae;-_Homininae;g_Homo;s_Homo sapiens
0.pdb	8b7i_A	0.137	719	430	30	5	639	4	616	4.467E-16	418	639	620	5.477E-01	5.612E-01	5.612E-01	1.147E+01	1.000	9606	Homo sapiens	-_cellular organisms;d_Eukaryota;-_Opisthokonta;k_Metazoa;-_Eumetazoa;-_Bilateria;-_Deuterostomia;p_Chordata;-_Craniata;-_Vertebrata;-_Gnathostomata;-_Teleostomi;-_Euteleostomi;-_Sarcopterygii;-_Dipnotetrapodomorpha;-_Tetrapoda;-_Amniota;c_Mammalia;-_Theria;-_Eutheria;-_Boreoeutheria;-_Euarchontoglires;o_Primates;-_Haplorrhini;-_Simiiformes;-_Catarrhini;-_Hominoidea;f_Hominidae;-_Homininae;g_Homo;s_Homo sapiens
0.pdb	6jcs_R	0.143	711	391	39	9	630	14	595	5.689E-14	365	639	597	5.438E-01	5.751E-01	5.751E-01	8.912E+00	1.000	9606	Homo sapiens	-_cellular organisms;d_Eukaryota;-_Opisthokonta;k_Metazoa;-_Eumetazoa;-_Bilateria;-_Deuterostomia;p_Chordata;-_Craniata;-_Vertebrata;-_Gnathostomata;-_Teleostomi;-_Euteleostomi;-_Sarcopterygii;-_Dipnotetrapodomorpha;-_Tetrapoda;-_Amniota;c_Mammalia;-_Theria;-_Eutheria;-_Boreoeutheria;-_Euarchontoglires;o_Primates;-_Haplorrhini;-_Simiiformes;-_Catarrhini;-_Hominoidea;f_Hominidae;-_Homininae;g_Homo;s_Homo sapiens
0.pdb	2gdl_A	0.078	115	83	8	32	138	10	109	1.774E-01	62	639	135	1.212E-01	4.374E-01	4.374E-01	4.455E+00	0.817	0	unclassified	unclassified
0.pdb	5av9_A	0.114	148	92	10	3	120	9	147	1.869E-01	56	639	184	1.358E-01	3.753E-01	3.753E-01	5.554E+00	0.663	9606	Homo sapiens	-_cellular organisms;d_Eukaryota;-_Opisthokonta;k_Metazoa;-_Eumetazoa;-_Bilateria;-_Deuterostomia;p_Chordata;-_Craniata;-_Vertebrata;-_Gnathostomata;-_Teleostomi;-_Euteleostomi;-_Sarcopterygii;-_Dipnotetrapodomorpha;-_Tetrapoda;-_Amniota;c_Mammalia;-_Theria;-_Eutheria;-_Boreoeutheria;-_Euarchontoglires;o_Primates;-_Haplorrhini;-_Simiiformes;-_Catarrhini;-_Hominoidea;f_Hominidae;-_Homininae;g_Homo;s_Homo sapiens
0.pdb	2d87_A	0.127	118	85	8	1	108	9	118	4.776E-01	54	639	173	1.271E-01	3.819E-01	3.819E-01	5.654E+00	0.601	9606	Homo sapiens	-_cellular organisms;d_Eukaryota;-_Opisthokonta;k_Metazoa;-_Eumetazoa;-_Bilateria;-_Deuterostomia;p_Chordata;-_Craniata;-_Vertebrata;-_Gnathostomata;-_Teleostomi;-_Euteleostomi;-_Sarcopterygii;-_Dipnotetrapodomorpha;-_Tetrapoda;-_Amniota;c_Mammalia;-_Theria;-_Eutheria;-_Boreoeutheria;-_Euarchontoglires;o_Primates;-_Haplorrhini;-_Simiiformes;-_Catarrhini;-_Hominoidea;f_Hominidae;-_Homininae;g_Homo;s_Homo sapiens
0.pdb	2bru_C	0.118	143	90	10	1	115	8	142	2.692E-01	53	639	193	1.308E-01	3.489E-01	3.489E-01	6.081E+00	0.569	562	Escherichia coli	-_cellular organisms;d_Bacteria;p_Pseudomonadota;c_Gammaproteobacteria;o_Enterobacterales;f_Enterobacteriaceae;g_Escherichia;s_Escherichia coli
0.pdb	2d9t_A	0.126	111	92	4	1	108	15	123	6.878E-01	52	639	181	1.309E-01	3.732E-01	3.732E-01	5.874E+00	0.537	10090	Mus musculus	-_cellular organisms;d_Eukaryota;-_Opisthokonta;k_Metazoa;-_Eumetazoa;-_Bilateria;-_Deuterostomia;p_Chordata;-_Craniata;-_Vertebrata;-_Gnathostomata;-_Teleostomi;-_Euteleostomi;-_Sarcopterygii;-_Dipnotetrapodomorpha;-_Tetrapoda;-_Amniota;c_Mammalia;-_Theria;-_Eutheria;-_Boreoeutheria;-_Euarchontoglires;-_Glires;o_Rodentia;-_Myomorpha;-_Muroidea;f_Muridae;-_Murinae;g_Mus;-_Mus;s_Mus musculus
0.pdb	5dfe_YX	0.169	106	78	5	9	108	7	108	4.085E-01	51	639	159	1.173E-01	3.566E-01	3.566E-01	5.722E+00	0.505	300852	Thermus thermophilus HB8	-_cellular organisms;d_Bacteria;-_Terrabacteria group;p_Deinococcota;c_Deinococci;o_Thermales;f_Thermaceae;g_Thermus;s_Thermus thermophilus;-_Thermus thermophilus HB8
0.pdb	7cpm_E	0.118	143	90	10	1	115	7	141	2.836E-01	51	639	187	1.281E-01	3.500E-01	3.500E-01	6.652E+00	0.505	269800	Thermobifida fusca YX	-_cellular organisms;d_Bacteria;-_Terrabacteria group;p_Actinomycetota;c_Actinomycetes;o_Streptosporangiales;f_Nocardiopsaceae;g_Thermobifida;s_Thermobifida fusca;-_Thermobifida fusca YX
0.pdb	5dfe_YY	0.131	114	87	7	1	108	7	114	5.300E-01	50	639	170	1.243E-01	3.647E-01	3.647E-01	5.995E+00	0.473	300852	Thermus thermophilus HB8	-_cellular organisms;d_Bacteria;-_Terrabacteria group;p_Deinococcota;c_Deinococci;o_Thermales;f_Thermaceae;g_Thermus;s_Thermus thermophilus;-_Thermus thermophilus HB8
0.pdb	6ff7_l	0.142	133	88	9	1	114	9	134	3.877E-01	50	639	184	1.311E-01	3.612E-01	3.612E-01	6.031E+00	0.473	9606	Homo sapiens	-_cellular organisms;d_Eukaryota;-_Opisthokonta;k_Metazoa;-_Eumetazoa;-_Bilateria;-_Deuterostomia;p_Chordata;-_Craniata;-_Vertebrata;-_Gnathostomata;-_Teleostomi;-_Euteleostomi;-_Sarcopterygii;-_Dipnotetrapodomorpha;-_Tetrapoda;-_Amniota;c_Mammalia;-_Theria;-_Eutheria;-_Boreoeutheria;-_Euarchontoglires;o_Primates;-_Haplorrhini;-_Simiiformes;-_Catarrhini;-_Hominoidea;f_Hominidae;-_Homininae;g_Homo;s_Homo sapiens
0.pdb	3ccs_U	0.148	94	64	7	25	107	76	164	3.680E-01	50	639	284	9.665E-02	1.948E-01	1.948E-01	5.754E+00	0.473	2238	Haloarcula marismortui	-_cellular organisms;d_Archaea;p_Euryarchaeota;-_Stenosarchaea group;c_Halobacteria;o_Halobacteriales;f_Haloarculaceae;g_Haloarcula;s_Haloarcula marismortui
0.pdb	2enn_A	0.133	112	77	6	4	108	15	113	6.878E-01	49	639	172	1.162E-01	3.594E-01	3.594E-01	6.093E+00	0.442	9606	Homo sapiens	-_cellular organisms;d_Eukaryota;-_Opisthokonta;k_Metazoa;-_Eumetazoa;-_Bilateria;-_Deuterostomia;p_Chordata;-_Craniata;-_Vertebrata;-_Gnathostomata;-_Teleostomi;-_Euteleostomi;-_Sarcopterygii;-_Dipnotetrapodomorpha;-_Tetrapoda;-_Amniota;c_Mammalia;-_Theria;-_Eutheria;-_Boreoeutheria;-_Euarchontoglires;o_Primates;-_Haplorrhini;-_Simiiformes;-_Catarrhini;-_Hominoidea;f_Hominidae;-_Homininae;g_Homo;s_Homo sapiens
0.pdb	5dfe_YU	0.123	113	87	6	1	108	9	114	1.286E+00	48	639	172	1.281E-01	3.887E-01	3.887E-01	5.583E+00	0.411	300852	Thermus thermophilus HB8	-_cellular organisms;d_Bacteria;-_Terrabacteria group;p_Deinococcota;c_Deinococci;o_Thermales;f_Thermaceae;g_Thermus;s_Thermus thermophilus;-_Thermus thermophilus HB8
0.pdb	6dcw_H	0.123	113	86	6	1	108	7	111	1.354E+00	47	639	167	1.266E-01	3.935E-01	3.935E-01	5.628E+00	0.382	9606	Homo sapiens	-_cellular organisms;d_Eukaryota;-_Opisthokonta;k_Metazoa;-_Eumetazoa;-_Bilateria;-_Deuterostomia;p_Chordata;-_Craniata;-_Vertebrata;-_Gnathostomata;-_Teleostomi;-_Euteleostomi;-_Sarcopterygii;-_Dipnotetrapodomorpha;-_Tetrapoda;-_Amniota;c_Mammalia;-_Theria;-_Eutheria;-_Boreoeutheria;-_Euarchontoglires;o_Primates;-_Haplorrhini;-_Simiiformes;-_Catarrhini;-_Hominoidea;f_Hominidae;-_Homininae;g_Homo;s_Homo sapiens
0.pdb	2a8g_B	0.133	112	90	5	1	108	8	116	9.906E-01	47	639	177	1.268E-01	3.663E-01	3.663E-01	6.461E+00	0.382	9031	Gallus gallus	-_cellular organisms;d_Eukaryota;-_Opisthokonta;k_Metazoa;-_Eumetazoa;-_Bilateria;-_Deuterostomia;p_Chordata;-_Craniata;-_Vertebrata;-_Gnathostomata;-_Teleostomi;-_Euteleostomi;-_Sarcopterygii;-_Dipnotetrapodomorpha;-_Tetrapoda;-_Amniota;-_Sauropsida;-_Sauria;-_Archelosauria;-_Archosauria;-_Dinosauria;-_Saurischia;-_Theropoda;-_Coelurosauria;c_Aves;-_Neognathae;-_Galloanserae;o_Galliformes;f_Phasianidae;-_Phasianinae;g_Gallus;s_Gallus gallus
0.pdb	3gpj_M	0.135	111	90	5	1	108	10	117	9.403E-01	47	639	177	1.274E-01	3.668E-01	3.668E-01	6.107E+00	0.382	4932	Saccharomyces cerevisiae	-_cellular organisms;d_Eukaryota;-_Opisthokonta;k_Fungi;-_Dikarya;p_Ascomycota;-_saccharomyceta;-_Saccharomycotina;c_Saccharomycetes;o_Saccharomycetales;f_Saccharomycetaceae;g_Saccharomyces;s_Saccharomyces cerevisiae
0.pdb	8cps_Y	0.130	138	85	9	5	114	14	144	4.085E-01	47	639	187	1.262E-01	3.436E-01	3.436E-01	6.072E+00	0.382	9606	Homo sapiens	-_cellular organisms;d_Eukaryota;-_Opisthokonta;k_Metazoa;-_Eumetazoa;-_Bilateria;-_Deuterostomia;p_Chordata;-_Craniata;-_Vertebrata;-_Gnathostomata;-_Teleostomi;-_Euteleostomi;-_Sarcopterygii;-_Dipnotetrapodomorpha;-_Tetrapoda;-_Amniota;c_Mammalia;-_Theria;-_Eutheria;-_Boreoeutheria;-_Euarchontoglires;o_Primates;-_Haplorrhini;-_Simiiformes;-_Catarrhini;-_Hominoidea;f_Hominidae;-_Homininae;g_Homo;s_Homo sapiens
0.pdb	5av9_B	0.097	143	95	8	1	116	4	139	7.634E-01	46	639	175	1.360E-01	3.961E-01	3.961E-01	5.819E+00	0.353	9606	Homo sapiens	-_cellular organisms;d_Eukaryota;-_Opisthokonta;k_Metazoa;-_Eumetazoa;-_Bilateria;-_Deuterostomia;p_Chordata;-_Craniata;-_Vertebrata;-_Gnathostomata;-_Teleostomi;-_Euteleostomi;-_Sarcopterygii;-_Dipnotetrapodomorpha;-_Tetrapoda;-_Amniota;c_Mammalia;-_Theria;-_Eutheria;-_Boreoeutheria;-_Euarchontoglires;o_Primates;-_Haplorrhini;-_Simiiformes;-_Catarrhini;-_Hominoidea;f_Hominidae;-_Homininae;g_Homo;s_Homo sapiens
0.pdb	5dfe_YT	0.149	107	79	6	5	108	10	107	9.906E-01	45	639	158	1.199E-01	3.730E-01	3.730E-01	5.264E+00	0.326	300852	Thermus thermophilus HB8	-_cellular organisms;d_Bacteria;-_Terrabacteria group;p_Deinococcota;c_Deinococci;o_Thermales;f_Thermaceae;g_Thermus;s_Thermus thermophilus;-_Thermus thermophilus HB8
0.pdb	7cpm_F	0.131	129	80	7	5	108	14	135	1.044E+00	44	639	192	1.250E-01	3.416E-01	3.416E-01	4.957E+00	0.301	269800	Thermobifida fusca YX	-_cellular organisms;d_Bacteria;-_Terrabacteria group;p_Actinomycetota;c_Actinomycetes;o_Streptosporangiales;f_Nocardiopsaceae;g_Thermobifida;s_Thermobifida fusca;-_Thermobifida fusca YX
0.pdb	6dcw_T	0.135	111	89	5	1	108	7	113	1.503E+00	43	639	167	1.254E-01	3.742E-01	3.742E-01	6.260E+00	0.277	9606	Homo sapiens	-_cellular organisms;d_Eukaryota;-_Opisthokonta;k_Metazoa;-_Eumetazoa;-_Bilateria;-_Deuterostomia;p_Chordata;-_Craniata;-_Vertebrata;-_Gnathostomata;-_Teleostomi;-_Euteleostomi;-_Sarcopterygii;-_Dipnotetrapodomorpha;-_Tetrapoda;-_Amniota;c_Mammalia;-_Theria;-_Eutheria;-_Boreoeutheria;-_Euarchontoglires;o_Primates;-_Haplorrhini;-_Simiiformes;-_Catarrhini;-_Hominoidea;f_Hominidae;-_Homininae;g_Homo;s_Homo sapiens
0.pdb	5frs_C	0.109	119	85	9	1	105	7	118	1.354E+00	42	639	170	1.228E-01	3.680E-01	3.680E-01	5.782E+00	0.254	4932	Saccharomyces cerevisiae	-_cellular organisms;d_Eukaryota;-_Opisthokonta;k_Fungi;-_Dikarya;p_Ascomycota;-_saccharomyceta;-_Saccharomycotina;c_Saccharomycetes;o_Saccharomycetales;f_Saccharomycetaceae;g_Saccharomyces;s_Saccharomyces cerevisiae
0.pdb	2a8h_A	0.128	117	84	7	1	108	9	116	1.286E+00	42	639	175	1.201E-01	3.480E-01	3.480E-01	6.081E+00	0.254	9606	Homo sapiens	-_cellular organisms;d_Eukaryota;-_Opisthokonta;k_Metazoa;-_Eumetazoa;-_Bilateria;-_Deuterostomia;p_Chordata;-_Craniata;-_Vertebrata;-_Gnathostomata;-_Teleostomi;-_Euteleostomi;-_Sarcopterygii;-_Dipnotetrapodomorpha;-_Tetrapoda;-_Amniota;c_Mammalia;-_Theria;-_Eutheria;-_Boreoeutheria;-_Euarchontoglires;o_Primates;-_Haplorrhini;-_Simiiformes;-_Catarrhini;-_Hominoidea;f_Hominidae;-_Homininae;g_Homo;s_Homo sapiens
0.pdb	5gxq_A	0.075	158	106	8	5	137	169	311	1.044E+00	42	639	441	1.409E-01	1.908E-01	1.908E-01	6.035E+00	0.254	9606	Homo sapiens	-_cellular organisms;d_Eukaryota;-_Opisthokonta;k_Metazoa;-_Eumetazoa;-_Bilateria;-_Deuterostomia;p_Chordata;-_Craniata;-_Vertebrata;-_Gnathostomata;-_Teleostomi;-_Euteleostomi;-_Sarcopterygii;-_Dipnotetrapodomorpha;-_Tetrapoda;-_Amniota;c_Mammalia;-_Theria;-_Eutheria;-_Boreoeutheria;-_Euarchontoglires;o_Primates;-_Haplorrhini;-_Simiiformes;-_Catarrhini;-_Hominoidea;f_Hominidae;-_Homininae;g_Homo;s_Homo sapiens
0.pdb	3cda_B	0.117	188	110	12	23	186	77	232	2.302E-01	39	639	264	1.056E-01	2.178E-01	2.178E-01	1.265E+01	0.196	0	unclassified	unclassified
0.pdb	2a8g_A	0.129	116	91	5	1	108	9	122	2.809E+00	37	639	177	1.278E-01	3.602E-01	3.602E-01	6.120E+00	0.164	9031	Gallus gallus	-_cellular organisms;d_Eukaryota;-_Opisthokonta;k_Metazoa;-_Eumetazoa;-_Bilateria;-_Deuterostomia;p_Chordata;-_Craniata;-_Vertebrata;-_Gnathostomata;-_Teleostomi;-_Euteleostomi;-_Sarcopterygii;-_Dipnotetrapodomorpha;-_Tetrapoda;-_Amniota;-_Sauropsida;-_Sauria;-_Archelosauria;-_Archosauria;-_Dinosauria;-_Saurischia;-_Theropoda;-_Coelurosauria;c_Aves;-_Neognathae;-_Galloanserae;o_Galliformes;f_Phasianidae;-_Phasianinae;g_Gallus;s_Gallus gallus
0.pdb	1hvw_A	0.083	191	122	12	9	194	25	167	8.926E-01	36	639	177	1.202E-01	3.401E-01	3.401E-01	9.971E+00	0.150	0	unclassified	unclassified
0.pdb	5cyy_B	0.217	69	50	1	330	394	6	74	3.646E+00	35	639	76	7.253E-02	3.356E-01	3.356E-01	6.735E+00	0.138	83332	Mycobacterium tuberculosis H37Rv	-_cellular organisms;d_Bacteria;-_Terrabacteria group;p_Actinomycetota;c_Actinomycetes;o_Mycobacteriales;f_Mycobacteriaceae;g_Mycobacterium;-_Mycobacterium tuberculosis complex;s_Mycobacterium tuberculosis;-_Mycobacterium tuberculosis H37Rv
0.pdb	1hvw_A	0.114	244	133	15	12	239	13	189	1.354E+00	33	639	190	1.356E-01	3.583E-01	3.583E-01	1.595E+01	0.116	0	unclassified	unclassified
0.pdb	8hcq_B	0.129	177	114	10	326	475	21	184	2.403E+00	33	639	555	1.004E-01	1.146E-01	1.146E-01	1.899E+01	0.116	9606	Homo sapiens	-_cellular organisms;d_Eukaryota;-_Opisthokonta;k_Metazoa;-_Eumetazoa;-_Bilateria;-_Deuterostomia;p_Chordata;-_Craniata;-_Vertebrata;-_Gnathostomata;-_Teleostomi;-_Euteleostomi;-_Sarcopterygii;-_Dipnotetrapodomorpha;-_Tetrapoda;-_Amniota;c_Mammalia;-_Theria;-_Eutheria;-_Boreoeutheria;-_Euarchontoglires;o_Primates;-_Haplorrhini;-_Simiiformes;-_Catarrhini;-_Hominoidea;f_Hominidae;-_Homininae;g_Homo;s_Homo sapiens
0.pdb	5frt_A	0.108	138	95	9	1	136	7	118	1.951E+00	32	639	170	1.202E-01	3.114E-01	3.114E-01	7.095E+00	0.106	354	Azotobacter vinelandii	-_cellular organisms;d_Bacteria;p_Pseudomonadota;c_Gammaproteobacteria;o_Pseudomonadales;f_Pseudomonadaceae;-_Azotobacter group;g_Azotobacter;s_Azotobacter vinelandii
0.pdb	2hd0_L	0.119	167	117	8	331	475	26	184	3.118E+00	32	639	555	1.014E-01	1.148E-01	1.148E-01	1.909E+01	0.106	11103	Hepacivirus C	d_Viruses;-_Riboviria;k_Orthornavirae;p_Kitrinoviricota;c_Flasuviricetes;o_Amarillovirales;f_Flaviviridae;g_Hepacivirus;s_Hepacivirus C
0.pdb	7bw5_A	0.078	127	84	8	34	138	2	117	3.646E+00	31	639	138	1.136E-01	3.718E-01	3.718E-01	5.900E+00	0.098	93064	Sphingomonas koreensis	-_cellular organisms;d_Bacteria;p_Pseudomonadota;c_Alphaproteobacteria;o_Sphingomonadales;f_Sphingomonadaceae;g_Sphingomonas;s_Sphingomonas koreensis
0.pdb	7ext_I8	0.086	127	82	8	35	138	2	117	3.841E+00	31	639	138	1.134E-01	3.757E-01	3.757E-01	5.789E+00	0.098	32049	Synechococcus sp. PCC 7002	-_cellular organisms;d_Bacteria;-_Terrabacteria group;-_Cyanobacteriota/Melainabacteria group;p_Cyanobacteriota;c_Cyanophyceae;o_Synechococcales;f_Synechococcaceae;g_Synechococcus;-_unclassified Synechococcus;s_Synechococcus sp. PCC 7002
0.pdb	1e0h_A	0.101	198	139	9	315	504	121	287	2.403E+00	31	639	287	1.163E-01	2.252E-01	2.252E-01	2.920E+01	0.098	562	Escherichia coli	-_cellular organisms;d_Bacteria;p_Pseudomonadota;c_Gammaproteobacteria;o_Enterobacterales;f_Enterobacteriaceae;g_Escherichia;s_Escherichia coli
0.pdb	4ctf_Ab	0.080	198	111	14	5	137	98	289	1.044E+00	31	639	328	1.214E-01	2.007E-01	2.007E-01	9.370E+00	0.098	47000	Equine rhinitis A virus	d_Viruses;-_Riboviria;k_Orthornavirae;p_Pisuviricota;c_Pisoniviricetes;o_Picornavirales;f_Picornaviridae;-_Caphthovirinae;g_Aphthovirus;s_Equine rhinitis A virus
0.pdb	1blq_A	0.095	157	95	9	8	137	6	142	9.906E-01	31	639	346	9.627E-02	1.550E-01	1.550E-01	9.812E+00	0.098	9031	Gallus gallus	-_cellular organisms;d_Eukaryota;-_Opisthokonta;k_Metazoa;-_Eumetazoa;-_Bilateria;-_Deuterostomia;p_Chordata;-_Craniata;-_Vertebrata;-_Gnathostomata;-_Teleostomi;-_Euteleostomi;-_Sarcopterygii;-_Dipnotetrapodomorpha;-_Tetrapoda;-_Amniota;-_Sauropsida;-_Sauria;-_Archelosauria;-_Archosauria;-_Dinosauria;-_Saurischia;-_Theropoda;-_Coelurosauria;c_Aves;-_Neognathae;-_Galloanserae;o_Galliformes;f_Phasianidae;-_Phasianinae;g_Gallus;s_Gallus gallus
0.pdb	5hcp_2l	0.097	144	85	14	10	139	143	255	8.842E+00	29	639	274	1.322E-01	2.797E-01	2.797E-01	4.641E+00	0.082	300852	Thermus thermophilus HB8	-_cellular organisms;d_Bacteria;-_Terrabacteria group;p_Deinococcota;c_Deinococci;o_Thermales;f_Thermaceae;g_Thermus;s_Thermus thermophilus;-_Thermus thermophilus HB8
0.pdb	4a9g_I	0.070	200	112	11	3	137	122	312	1.220E+00	29	639	361	1.182E-01	1.853E-01	1.853E-01	1.043E+01	0.082	83333	Escherichia coli K-12	-_cellular organisms;d_Bacteria;p_Pseudomonadota;c_Gammaproteobacteria;o_Enterobacterales;f_Enterobacteriaceae;g_Escherichia;s_Escherichia coli;-_Escherichia coli K-12
0.pdb	7afa_B	0.130	161	99	16	3	138	17	161	2.403E+00	28	639	251	1.130E-01	2.311E-01	2.311E-01	1.042E+01	0.076	562	Escherichia coli	-_cellular organisms;d_Bacteria;p_Pseudomonadota;c_Gammaproteobacteria;o_Enterobacterales;f_Enterobacteriaceae;g_Escherichia;s_Escherichia coli
0.pdb	2g9l_A	0.073	150	88	9	7	127	182	309	5.531E+00	28	639	567	1.243E-01	1.380E-01	1.380E-01	5.505E+00	0.076	0	unclassified	unclassified
0.pdb	6er9_B	0.163	98	71	3	326	422	18	105	4.984E+00	27	639	105	8.435E-02	2.786E-01	2.786E-01	8.675E+00	0.069	209591	Rhodococcus sp. Phi1	-_cellular organisms;d_Bacteria;-_Terrabacteria group;p_Actinomycetota;c_Actinomycetes;o_Mycobacteriales;f_Nocardiaceae;g_Rhodococcus;-_unclassified Rhodococcus (in: high G+C Gram-positive bacteria);s_Rhodococcus sp. Phi1
0.pdb	2bug_A	0.063	126	82	6	32	139	2	109	5.251E+00	27	639	123	1.045E-01	3.579E-01	3.579E-01	6.345E+00	0.069	9606	Homo sapiens	-_cellular organisms;d_Eukaryota;-_Opisthokonta;k_Metazoa;-_Eumetazoa;-_Bilateria;-_Deuterostomia;p_Chordata;-_Craniata;-_Vertebrata;-_Gnathostomata;-_Teleostomi;-_Euteleostomi;-_Sarcopterygii;-_Dipnotetrapodomorpha;-_Tetrapoda;-_Amniota;c_Mammalia;-_Theria;-_Eutheria;-_Boreoeutheria;-_Euarchontoglires;o_Primates;-_Haplorrhini;-_Simiiformes;-_Catarrhini;-_Hominoidea;f_Hominidae;-_Homininae;g_Homo;s_Homo sapiens
0.pdb	7ext_R7	0.083	131	78	8	35	138	2	117	6.468E+00	26	639	138	1.083E-01	3.646E-01	3.646E-01	5.771E+00	0.063	32049	Synechococcus sp. PCC 7002	-_cellular organisms;d_Bacteria;-_Terrabacteria group;-_Cyanobacteriota/Melainabacteria group;p_Cyanobacteriota;c_Cyanophyceae;o_Synechococcales;f_Synechococcaceae;g_Synechococcus;-_unclassified Synechococcus;s_Synechococcus sp. PCC 7002
0.pdb	4ctf_Ac	0.107	252	131	16	1	190	98	317	1.099E+00	26	639	330	1.184E-01	1.944E-01	1.944E-01	1.294E+01	0.063	47000	Equine rhinitis A virus	d_Viruses;-_Riboviria;k_Orthornavirae;p_Pisuviricota;c_Pisoniviricetes;o_Picornavirales;f_Picornaviridae;-_Caphthovirinae;g_Aphthovirus;s_Equine rhinitis A virus
0.pdb	5irt_B	0.116	137	79	9	34	141	2	125	2.055E+00	25	639	132	8.518E-02	2.602E-01	2.602E-01	9.967E+00	0.057	11698	Human immunodeficiency virus type 1 (NEW YORK-5 ISOLATE)	d_Viruses;-_Riboviria;k_Pararnavirae;p_Artverviricota;c_Revtraviricetes;o_Ortervirales;f_Retroviridae;-_Orthoretrovirinae;g_Lentivirus;s_Human immunodeficiency virus 1;-_HIV-1 unknown group;-_Human immunodeficiency virus type 1 (NEW YORK-5 ISOLATE)
0.pdb	3bab_A	0.164	152	86	11	5	137	41	170	4.263E+00	25	639	230	1.111E-01	2.522E-01	2.522E-01	9.914E+00	0.057	1351	Enterococcus faecalis	-_cellular organisms;d_Bacteria;-_Terrabacteria group;p_Bacillota;c_Bacilli;o_Lactobacillales;f_Enterococcaceae;g_Enterococcus;s_Enterococcus faecalis
0.pdb	1fvt_A	0.106	197	143	8	315	508	122	288	5.827E+00	25	639	288	1.164E-01	2.334E-01	2.334E-01	3.194E+01	0.057	9606	Homo sapiens	-_cellular organisms;d_Eukaryota;-_Opisthokonta;k_Metazoa;-_Eumetazoa;-_Bilateria;-_Deuterostomia;p_Chordata;-_Craniata;-_Vertebrata;-_Gnathostomata;-_Teleostomi;-_Euteleostomi;-_Sarcopterygii;-_Dipnotetrapodomorpha;-_Tetrapoda;-_Amniota;c_Mammalia;-_Theria;-_Eutheria;-_Boreoeutheria;-_Euarchontoglires;o_Primates;-_Haplorrhini;-_Simiiformes;-_Catarrhini;-_Hominoidea;f_Hominidae;-_Homininae;g_Homo;s_Homo sapiens
0.pdb	1blq_A	0.089	167	93	10	4	137	2	142	2.165E+00	25	639	345	9.184E-02	1.490E-01	1.490E-01	9.921E+00	0.057	9031	Gallus gallus	-_cellular organisms;d_Eukaryota;-_Opisthokonta;k_Metazoa;-_Eumetazoa;-_Bilateria;-_Deuterostomia;p_Chordata;-_Craniata;-_Vertebrata;-_Gnathostomata;-_Teleostomi;-_Euteleostomi;-_Sarcopterygii;-_Dipnotetrapodomorpha;-_Tetrapoda;-_Amniota;-_Sauropsida;-_Sauria;-_Archelosauria;-_Archosauria;-_Dinosauria;-_Saurischia;-_Theropoda;-_Coelurosauria;c_Aves;-_Neognathae;-_Galloanserae;o_Galliformes;f_Phasianidae;-_Phasianinae;g_Gallus;s_Gallus gallus
0.pdb	7asd_EB	0.133	195	126	8	326	498	42	215	4.491E+00	25	639	351	1.104E-01	1.759E-01	1.759E-01	1.787E+01	0.057	7460	Apis mellifera	-_cellular organisms;d_Eukaryota;-_Opisthokonta;k_Metazoa;-_Eumetazoa;-_Bilateria;-_Protostomia;-_Ecdysozoa;-_Panarthropoda;p_Arthropoda;-_Mandibulata;-_Pancrustacea;-_Hexapoda;c_Insecta;-_Dicondylia;-_Pterygota;-_Neoptera;-_Endopterygota;o_Hymenoptera;-_Apocrita;-_Aculeata;-_Apoidea;-_Anthophila;f_Apidae;-_Apinae;-_Apini;g_Apis;s_Apis mellifera
0.pdb	6hdb_A	0.090	253	137	19	33	260	2	186	1.584E+00	24	639	228	9.521E-02	2.182E-01	2.182E-01	1.365E+01	0.051	9844	Lama glama	-_cellular organisms;d_Eukaryota;-_Opisthokonta;k_Metazoa;-_Eumetazoa;-_Bilateria;-_Deuterostomia;p_Chordata;-_Craniata;-_Vertebrata;-_Gnathostomata;-_Teleostomi;-_Euteleostomi;-_Sarcopterygii;-_Dipnotetrapodomorpha;-_Tetrapoda;-_Amniota;c_Mammalia;-_Theria;-_Eutheria;-_Boreoeutheria;-_Laurasiatheria;o_Artiodactyla;-_Tylopoda;f_Camelidae;g_Lama;s_Lama glama
0.pdb	3jbp_5	0.120	174	96	6	315	478	114	240	7.178E+00	24	639	240	1.115E-01	2.329E-01	2.329E-01	1.096E+01	0.051	36329	Plasmodium falciparum 3D7	-_cellular organisms;d_Eukaryota;-_Sar;-_Alveolata;p_Apicomplexa;c_Aconoidasida;o_Haemosporida;f_Plasmodiidae;g_Plasmodium;-_Plasmodium (Laverania);s_Plasmodium falciparum;-_Plasmodium falciparum 3D7
0.pdb	2a1t_B	0.160	125	76	8	5	123	15	116	3.460E+00	24	639	295	8.714E-02	1.600E-01	1.600E-01	9.689E+00	0.051	9606	Homo sapiens	-_cellular organisms;d_Eukaryota;-_Opisthokonta;k_Metazoa;-_Eumetazoa;-_Bilateria;-_Deuterostomia;p_Chordata;-_Craniata;-_Vertebrata;-_Gnathostomata;-_Teleostomi;-_Euteleostomi;-_Sarcopterygii;-_Dipnotetrapodomorpha;-_Tetrapoda;-_Amniota;c_Mammalia;-_Theria;-_Eutheria;-_Boreoeutheria;-_Euarchontoglires;o_Primates;-_Haplorrhini;-_Simiiformes;-_Catarrhini;-_Hominoidea;f_Hominidae;-_Homininae;g_Homo;s_Homo sapiens
0.pdb	1ilp_B	0.101	277	167	16	8	249	2	231	9.403E-01	24	639	300	9.509E-02	1.734E-01	1.734E-01	1.865E+01	0.051	9606	Homo sapiens	-_cellular organisms;d_Eukaryota;-_Opisthokonta;k_Metazoa;-_Eumetazoa;-_Bilateria;-_Deuterostomia;p_Chordata;-_Craniata;-_Vertebrata;-_Gnathostomata;-_Teleostomi;-_Euteleostomi;-_Sarcopterygii;-_Dipnotetrapodomorpha;-_Tetrapoda;-_Amniota;c_Mammalia;-_Theria;-_Eutheria;-_Boreoeutheria;-_Euarchontoglires;o_Primates;-_Haplorrhini;-_Simiiformes;-_Catarrhini;-_Hominoidea;f_Hominidae;-_Homininae;g_Homo;s_Homo sapiens
0.pdb	6iqk_A	0.123	202	125	9	323	490	166	349	8.393E+00	24	639	398	1.339E-01	1.953E-01	1.953E-01	1.156E+01	0.051	3702	Arabidopsis thaliana	-_cellular organisms;d_Eukaryota;k_Viridiplantae;p_Streptophyta;-_Streptophytina;-_Embryophyta;-_Tracheophyta;-_Euphyllophyta;-_Spermatophyta;c_Magnoliopsida;-_Mesangiospermae;-_eudicotyledons;-_Gunneridae;-_Pentapetalae;-_rosids;-_malvids;o_Brassicales;f_Brassicaceae;-_Camelineae;g_Arabidopsis;s_Arabidopsis thaliana
0.pdb	5ivp_A	0.101	256	126	19	32	224	2	216	3.460E+00	24	639	454	1.359E-01	1.804E-01	1.804E-01	1.335E+01	0.051	243277	Vibrio cholerae O1 biovar El Tor str. N16961	-_cellular organisms;d_Bacteria;p_Pseudomonadota;c_Gammaproteobacteria;o_Vibrionales;f_Vibrionaceae;g_Vibrio;s_Vibrio cholerae;-_Vibrio cholerae O1;-_Vibrio cholerae O1 biovar El Tor;-_Vibrio cholerae O1 biovar El Tor str. N16961
0.pdb	3cu5_B	0.095	126	76	6	32	127	8	125	4.731E+00	23	639	130	8.485E-02	2.874E-01	2.874E-01	1.017E+01	0.045	357809	Lachnoclostridium phytofermentans ISDg	-_cellular organisms;d_Bacteria;-_Terrabacteria group;p_Bacillota;c_Clostridia;o_Eubacteriales;f_Lachnospiraceae;g_Lachnoclostridium;s_Lachnoclostridium phytofermentans;-_Lachnoclostridium phytofermentans ISDg
0.pdb	3cu1_C	0.096	135	78	8	32	131	6	131	3.646E+00	23	639	134	8.661E-02	2.832E-01	2.832E-01	1.020E+01	0.045	0	unclassified	unclassified
0.pdb	8en6_B	0.059	151	101	11	9	137	531	662	6.468E+00	23	639	682	1.192E-01	1.137E-01	1.137E-01	7.180E+00	0.045	142786	Norovirus	d_Viruses;-_Riboviria;k_Orthornavirae;p_Pisuviricota;c_Pisoniviricetes;o_Picornavirales;f_Caliciviridae;g_Norovirus
0.pdb	3cu3_A	0.097	133	78	8	32	131	6	129	4.491E+00	22	639	132	8.641E-02	2.854E-01	2.854E-01	1.025E+01	0.040	63737	Nostoc punctiforme PCC 73102	-_cellular organisms;d_Bacteria;-_Terrabacteria group;-_Cyanobacteriota/Melainabacteria group;p_Cyanobacteriota;c_Cyanophyceae;o_Nostocales;f_Nostocaceae;g_Nostoc;s_Nostoc punctiforme;-_Nostoc punctiforme PCC 73102
0.pdb	3cu1_B	0.097	134	78	8	32	131	8	132	4.491E+00	22	639	135	8.637E-02	2.806E-01	2.806E-01	1.025E+01	0.040	0	unclassified	unclassified
0.pdb	1f68_A	0.126	174	118	9	326	494	13	157	4.984E+00	22	639	158	9.006E-02	2.486E-01	2.486E-01	2.406E+01	0.040	9606	Homo sapiens	-_cellular organisms;d_Eukaryota;-_Opisthokonta;k_Metazoa;-_Eumetazoa;-_Bilateria;-_Deuterostomia;p_Chordata;-_Craniata;-_Vertebrata;-_Gnathostomata;-_Teleostomi;-_Euteleostomi;-_Sarcopterygii;-_Dipnotetrapodomorpha;-_Tetrapoda;-_Amniota;c_Mammalia;-_Theria;-_Eutheria;-_Boreoeutheria;-_Euarchontoglires;o_Primates;-_Haplorrhini;-_Simiiformes;-_Catarrhini;-_Hominoidea;f_Hominidae;-_Homininae;g_Homo;s_Homo sapiens
0.pdb	1a15_B	0.135	177	105	10	254	428	3	133	3.841E+00	22	639	166	7.400E-02	2.086E-01	2.086E-01	1.405E+01	0.040	0	unclassified	unclassified
0.pdb	3dpq_F	0.121	82	61	7	562	639	180	254	2.809E+00	22	639	254	5.626E-02	1.236E-01	1.236E-01	1.354E+01	0.040	83333	Escherichia coli K-12	-_cellular organisms;d_Bacteria;p_Pseudomonadota;c_Gammaproteobacteria;o_Enterobacterales;f_Enterobacteriaceae;g_Escherichia;s_Escherichia coli;-_Escherichia coli K-12
0.pdb	1hv2_B	0.121	82	61	6	562	639	180	254	3.285E+00	22	639	255	5.615E-02	1.237E-01	1.237E-01	1.355E+01	0.040	0	unclassified	unclassified
0.pdb	2d8i_A	0.160	143	86	12	9	135	39	163	5.827E+00	22	639	291	1.155E-01	2.044E-01	2.044E-01	7.410E+00	0.040	9606	Homo sapiens	-_cellular organisms;d_Eukaryota;-_Opisthokonta;k_Metazoa;-_Eumetazoa;-_Bilateria;-_Deuterostomia;p_Chordata;-_Craniata;-_Vertebrata;-_Gnathostomata;-_Teleostomi;-_Euteleostomi;-_Sarcopterygii;-_Dipnotetrapodomorpha;-_Tetrapoda;-_Amniota;c_Mammalia;-_Theria;-_Eutheria;-_Boreoeutheria;-_Euarchontoglires;o_Primates;-_Haplorrhini;-_Simiiformes;-_Catarrhini;-_Hominoidea;f_Hominidae;-_Homininae;g_Homo;s_Homo sapiens
0.pdb	6fx1_A	0.122	204	111	11	310	489	187	346	6.139E+00	22	639	419	1.011E-01	1.400E-01	1.400E-01	1.341E+01	0.040	75321	Pholiota squarrosa	-_cellular organisms;d_Eukaryota;-_Opisthokonta;k_Fungi;-_Dikarya;p_Basidiomycota;-_Agaricomycotina;c_Agaricomycetes;-_Agaricomycetidae;o_Agaricales;-_Agaricineae;f_Strophariaceae;g_Pholiota;s_Pholiota squarrosa
0.pdb	2hh4_A	0.089	223	135	8	18	239	115	270	3.646E+00	22	639	455	1.073E-01	1.379E-01	1.379E-01	1.545E+01	0.040	9606	Homo sapiens	-_cellular organisms;d_Eukaryota;-_Opisthokonta;k_Metazoa;-_Eumetazoa;-_Bilateria;-_Deuterostomia;p_Chordata;-_Craniata;-_Vertebrata;-_Gnathostomata;-_Teleostomi;-_Euteleostomi;-_Sarcopterygii;-_Dipnotetrapodomorpha;-_Tetrapoda;-_Amniota;c_Mammalia;-_Theria;-_Eutheria;-_Boreoeutheria;-_Euarchontoglires;o_Primates;-_Haplorrhini;-_Simiiformes;-_Catarrhini;-_Hominoidea;f_Hominidae;-_Homininae;g_Homo;s_Homo sapiens
0.pdb	1j3g_A	0.127	266	147	21	34	252	127	354	2.667E+00	22	639	703	1.175E-01	1.092E-01	1.092E-01	1.684E+01	0.040	546	Citrobacter freundii	-_cellular organisms;d_Bacteria;p_Pseudomonadota;c_Gammaproteobacteria;o_Enterobacterales;f_Enterobacteriaceae;g_Citrobacter;-_Citrobacter freundii complex;s_Citrobacter freundii
0.pdb	3dpj_H	0.059	267	120	15	29	219	1	212	1.584E+00	21	639	214	9.162E-02	2.058E-01	2.058E-01	1.556E+01	0.034	89184	Ruegeria pomeroyi	-_cellular organisms;d_Bacteria;p_Pseudomonadota;c_Alphaproteobacteria;o_Rhodobacterales;f_Roseobacteraceae;g_Ruegeria;s_Ruegeria pomeroyi
0.pdb	1iox_A	0.129	170	123	5	326	495	89	233	4.984E+00	21	639	237	7.047E-02	1.561E-01	1.561E-01	2.622E+01	0.034	9606	Homo sapiens	-_cellular organisms;d_Eukaryota;-_Opisthokonta;k_Metazoa;-_Eumetazoa;-_Bilateria;-_Deuterostomia;p_Chordata;-_Craniata;-_Vertebrata;-_Gnathostomata;-_Teleostomi;-_Euteleostomi;-_Sarcopterygii;-_Dipnotetrapodomorpha;-_Tetrapoda;-_Amniota;c_Mammalia;-_Theria;-_Eutheria;-_Boreoeutheria;-_Euarchontoglires;o_Primates;-_Haplorrhini;-_Simiiformes;-_Catarrhini;-_Hominoidea;f_Hominidae;-_Homininae;g_Homo;s_Homo sapiens
0.pdb	5ejd_L	0.087	342	177	21	5	253	9	308	2.531E+00	21	639	366	1.200E-01	1.875E-01	1.875E-01	1.788E+01	0.034	36650	Penicillium aethiopicum	-_cellular organisms;d_Eukaryota;-_Opisthokonta;k_Fungi;-_Dikarya;p_Ascomycota;-_saccharomyceta;-_Pezizomycotina;-_leotiomyceta;c_Eurotiomycetes;-_Eurotiomycetidae;o_Eurotiales;f_Aspergillaceae;g_Penicillium;s_Penicillium aethiopicum
0.pdb	1ckw_A	0.105	284	151	23	3	239	195	422	1.503E+00	21	639	450	9.766E-02	1.231E-01	1.231E-01	2.026E+01	0.034	0	unclassified	unclassified
0.pdb	2iu5_A	0.059	135	83	8	30	141	1	114	7.562E+00	20	639	130	8.818E-02	2.937E-01	2.937E-01	8.922E+00	0.029	272623	Lactococcus lactis subsp. lactis Il1403	-_cellular organisms;d_Bacteria;-_Terrabacteria group;p_Bacillota;c_Bacilli;o_Lactobacillales;f_Streptococcaceae;g_Lactococcus;s_Lactococcus lactis;-_Lactococcus lactis subsp. lactis;-_Lactococcus lactis subsp. lactis Il1403
0.pdb	3cu4_A	0.098	132	78	8	32	131	8	130	6.468E+00	20	639	133	8.641E-02	2.838E-01	2.838E-01	1.025E+01	0.029	35554	Geobacter sulfurreducens	-_cellular organisms;d_Bacteria;p_Thermodesulfobacteriota;c_Desulfuromonadia;o_Geobacterales;f_Geobacteraceae;g_Geobacter;s_Geobacter sulfurreducens
0.pdb	2f40_A	0.118	127	77	9	33	136	3	117	6.139E+00	20	639	137	9.606E-02	2.815E-01	2.815E-01	7.697E+00	0.029	186497	Pyrococcus furiosus DSM 3638	-_cellular organisms;d_Archaea;p_Euryarchaeota;c_Thermococci;o_Thermococcales;f_Thermococcaceae;g_Pyrococcus;s_Pyrococcus furiosus;-_Pyrococcus furiosus DSM 3638
0.pdb	2cqp_A	0.101	59	44	5	584	637	147	201	8.393E+00	20	639	218	5.639E-02	1.400E-01	1.400E-01	7.592E+00	0.029	10090	Mus musculus	-_cellular organisms;d_Eukaryota;-_Opisthokonta;k_Metazoa;-_Eumetazoa;-_Bilateria;-_Deuterostomia;p_Chordata;-_Craniata;-_Vertebrata;-_Gnathostomata;-_Teleostomi;-_Euteleostomi;-_Sarcopterygii;-_Dipnotetrapodomorpha;-_Tetrapoda;-_Amniota;c_Mammalia;-_Theria;-_Eutheria;-_Boreoeutheria;-_Euarchontoglires;-_Glires;o_Rodentia;-_Myomorpha;-_Muroidea;f_Muridae;-_Murinae;g_Mus;-_Mus;s_Mus musculus
0.pdb	3dpq_E	0.176	102	66	9	545	639	159	249	1.852E+00	20	639	249	5.395E-02	1.204E-01	1.204E-01	1.407E+01	0.029	83333	Escherichia coli K-12	-_cellular organisms;d_Bacteria;p_Pseudomonadota;c_Gammaproteobacteria;o_Enterobacterales;f_Enterobacteriaceae;g_Escherichia;s_Escherichia coli;-_Escherichia coli K-12
0.pdb	2aso_A	0.140	150	96	11	1	135	21	152	7.178E+00	20	639	277	1.199E-01	2.169E-01	2.169E-01	8.301E+00	0.029	9986	Oryctolagus cuniculus	-_cellular organisms;d_Eukaryota;-_Opisthokonta;k_Metazoa;-_Eumetazoa;-_Bilateria;-_Deuterostomia;p_Chordata;-_Craniata;-_Vertebrata;-_Gnathostomata;-_Teleostomi;-_Euteleostomi;-_Sarcopterygii;-_Dipnotetrapodomorpha;-_Tetrapoda;-_Amniota;c_Mammalia;-_Theria;-_Eutheria;-_Boreoeutheria;-_Euarchontoglires;-_Glires;o_Lagomorpha;f_Leporidae;g_Oryctolagus;s_Oryctolagus cuniculus
0.pdb	7d3v_B	0.097	235	131	16	1	216	3	175	3.841E+00	20	639	294	1.136E-01	1.850E-01	1.850E-01	1.229E+01	0.029	9606	Homo sapiens	-_cellular organisms;d_Eukaryota;-_Opisthokonta;k_Metazoa;-_Eumetazoa;-_Bilateria;-_Deuterostomia;p_Chordata;-_Craniata;-_Vertebrata;-_Gnathostomata;-_Teleostomi;-_Euteleostomi;-_Sarcopterygii;-_Dipnotetrapodomorpha;-_Tetrapoda;-_Amniota;c_Mammalia;-_Theria;-_Eutheria;-_Boreoeutheria;-_Euarchontoglires;o_Primates;-_Haplorrhini;-_Simiiformes;-_Catarrhini;-_Hominoidea;f_Hominidae;-_Homininae;g_Homo;s_Homo sapiens
0.pdb	8bws_E	0.103	290	138	22	5	251	19	229	4.263E+00	20	639	320	1.399E-01	2.292E-01	2.292E-01	1.108E+01	0.029	559292	Saccharomyces cerevisiae S288C	-_cellular organisms;d_Eukaryota;-_Opisthokonta;k_Fungi;-_Dikarya;p_Ascomycota;-_saccharomyceta;-_Saccharomycotina;c_Saccharomycetes;o_Saccharomycetales;f_Saccharomycetaceae;g_Saccharomyces;s_Saccharomyces cerevisiae;-_Saccharomyces cerevisiae S288C
0.pdb	3ae0_B	0.174	63	44	6	582	639	284	343	4.491E+00	20	639	345	5.491E-02	9.144E-02	9.144E-02	9.751E+00	0.029	1280	Staphylococcus aureus	-_cellular organisms;d_Bacteria;-_Terrabacteria group;p_Bacillota;c_Bacilli;o_Bacillales;f_Staphylococcaceae;g_Staphylococcus;s_Staphylococcus aureus
0.pdb	7a4j_cA	0.139	122	79	6	7	123	26	126	9.315E+00	20	639	427	1.007E-01	1.380E-01	1.380E-01	7.777E+00	0.029	10710	Lambdavirus lambda	d_Viruses;-_Duplodnaviria;k_Heunggongvirae;p_Uroviricota;c_Caudoviricetes;g_Lambdavirus;s_Lambdavirus lambda
0.pdb	3abv_A	0.104	153	104	6	326	475	183	305	7.178E+00	20	639	560	8.636E-02	9.593E-02	9.593E-02	1.488E+01	0.029	9823	Sus scrofa	-_cellular organisms;d_Eukaryota;-_Opisthokonta;k_Metazoa;-_Eumetazoa;-_Bilateria;-_Deuterostomia;p_Chordata;-_Craniata;-_Vertebrata;-_Gnathostomata;-_Teleostomi;-_Euteleostomi;-_Sarcopterygii;-_Dipnotetrapodomorpha;-_Tetrapoda;-_Amniota;c_Mammalia;-_Theria;-_Eutheria;-_Boreoeutheria;-_Laurasiatheria;o_Artiodactyla;-_Suina;f_Suidae;g_Sus;s_Sus scrofa
0.pdb	5j8a_DC	0.114	184	147	4	326	508	176	344	6.814E+00	20	639	588	9.873E-02	1.049E-01	1.049E-01	2.584E+01	0.029	83333	Escherichia coli K-12	-_cellular organisms;d_Bacteria;p_Pseudomonadota;c_Gammaproteobacteria;o_Enterobacterales;f_Enterobacteriaceae;g_Escherichia;s_Escherichia coli;-_Escherichia coli K-12
0.pdb	5hl7_M	0.123	170	113	9	331	475	35	193	9.813E+00	20	639	752	9.237E-02	8.159E-02	8.159E-02	1.789E+01	0.029	93061	Staphylococcus aureus subsp. aureus NCTC 8325	-_cellular organisms;d_Bacteria;-_Terrabacteria group;p_Bacillota;c_Bacilli;o_Bacillales;f_Staphylococcaceae;g_Staphylococcus;s_Staphylococcus aureus;-_Staphylococcus aureus subsp. aureus NCTC 8325
0.pdb	3cu5_A	0.107	121	78	8	32	138	8	112	8.842E+00	19	639	133	9.211E-02	2.803E-01	2.803E-01	7.991E+00	0.024	357809	Lachnoclostridium phytofermentans ISDg	-_cellular organisms;d_Bacteria;-_Terrabacteria group;p_Bacillota;c_Clostridia;o_Eubacteriales;f_Lachnospiraceae;g_Lachnoclostridium;s_Lachnoclostridium phytofermentans;-_Lachnoclostridium phytofermentans ISDg
0.pdb	6gbd_A	0.124	161	78	11	11	131	17	154	9.813E+00	19	639	157	1.010E-01	2.850E-01	2.850E-01	8.711E+00	0.024	10090	Mus musculus	-_cellular organisms;d_Eukaryota;-_Opisthokonta;k_Metazoa;-_Eumetazoa;-_Bilateria;-_Deuterostomia;p_Chordata;-_Craniata;-_Vertebrata;-_Gnathostomata;-_Teleostomi;-_Euteleostomi;-_Sarcopterygii;-_Dipnotetrapodomorpha;-_Tetrapoda;-_Amniota;c_Mammalia;-_Theria;-_Eutheria;-_Boreoeutheria;-_Euarchontoglires;-_Glires;o_Rodentia;-_Myomorpha;-_Muroidea;f_Muridae;-_Murinae;g_Mus;-_Mus;s_Mus musculus
0.pdb	2bey_A	0.103	262	124	15	30	250	4	195	6.814E+00	19	639	245	1.062E-01	2.348E-01	2.348E-01	1.298E+01	0.024	32630	synthetic construct	-_other entries;-_other sequences;-_artificial sequences;s_synthetic construct
0.pdb	2asl_B	0.160	150	94	13	1	135	21	153	9.813E+00	19	639	278	1.215E-01	2.200E-01	2.200E-01	8.167E+00	0.024	2287	Saccharolobus solfataricus	-_cellular organisms;d_Archaea;-_TACK group;p_Thermoproteota;c_Thermoprotei;o_Sulfolobales;f_Sulfolobaceae;g_Saccharolobus;s_Saccharolobus solfataricus
0.pdb	8bl4_s	0.084	306	149	24	4	266	6	223	3.460E+00	19	639	284	1.211E-01	2.104E-01	2.104E-01	1.411E+01	0.024	100226	Streptomyces coelicolor A3(2)	-_cellular organisms;d_Bacteria;-_Terrabacteria group;p_Actinomycetota;c_Actinomycetes;o_Kitasatosporales;f_Streptomycetaceae;g_Streptomyces;-_Streptomyces albidoflavus group;s_Streptomyces coelicolor;-_Streptomyces coelicolor A3(2)
0.pdb	4c87_C	0.179	145	77	14	9	135	38	158	7.178E+00	19	639	286	1.040E-01	1.825E-01	1.825E-01	7.913E+00	0.024	220668	Lactiplantibacillus plantarum WCFS1	-_cellular organisms;d_Bacteria;-_Terrabacteria group;p_Bacillota;c_Bacilli;o_Lactobacillales;f_Lactobacillaceae;g_Lactiplantibacillus;s_Lactiplantibacillus plantarum;-_Lactiplantibacillus plantarum WCFS1
0.pdb	6hth_C	0.135	148	81	12	2	138	17	128	4.491E+00	19	639	296	9.289E-02	1.585E-01	1.585E-01	9.271E+00	0.024	6183	Schistosoma mansoni	-_cellular organisms;d_Eukaryota;-_Opisthokonta;k_Metazoa;-_Eumetazoa;-_Bilateria;-_Protostomia;-_Spiralia;-_Lophotrochozoa;p_Platyhelminthes;c_Trematoda;-_Digenea;o_Strigeidida;-_Schistosomatoidea;f_Schistosomatidae;g_Schistosoma;s_Schistosoma mansoni
0.pdb	1gna_A	0.103	281	155	17	1	250	3	217	4.731E+00	19	639	298	1.340E-01	2.237E-01	2.237E-01	1.348E+01	0.024	9606	Homo sapiens	-_cellular organisms;d_Eukaryota;-_Opisthokonta;k_Metazoa;-_Eumetazoa;-_Bilateria;-_Deuterostomia;p_Chordata;-_Craniata;-_Vertebrata;-_Gnathostomata;-_Teleostomi;-_Euteleostomi;-_Sarcopterygii;-_Dipnotetrapodomorpha;-_Tetrapoda;-_Amniota;c_Mammalia;-_Theria;-_Eutheria;-_Boreoeutheria;-_Euarchontoglires;o_Primates;-_Haplorrhini;-_Simiiformes;-_Catarrhini;-_Hominoidea;f_Hominidae;-_Homininae;g_Homo;s_Homo sapiens
0.pdb	8fom_XE	0.092	151	86	11	24	137	13	149	6.814E+00	18	639	172	8.448E-02	2.066E-01	2.066E-01	1.093E+01	0.020	300852	Thermus thermophilus HB8	-_cellular organisms;d_Bacteria;-_Terrabacteria group;p_Deinococcota;c_Deinococci;o_Thermales;f_Thermaceae;g_Thermus;s_Thermus thermophilus;-_Thermus thermophilus HB8
0.pdb	6azg_A	0.032	61	47	3	585	639	212	266	8.842E+00	18	639	272	4.889E-02	9.994E-02	9.994E-02	9.560E+00	0.020	34245	Zinnia elegans	-_cellular organisms;d_Eukaryota;k_Viridiplantae;p_Streptophyta;-_Streptophytina;-_Embryophyta;-_Tracheophyta;-_Euphyllophyta;-_Spermatophyta;c_Magnoliopsida;-_Mesangiospermae;-_eudicotyledons;-_Gunneridae;-_Pentapetalae;-_asterids;-_campanulids;o_Asterales;f_Asteraceae;-_Asteroideae;-_Heliantheae alliance;-_Heliantheae;g_Zinnia;s_Zinnia elegans
0.pdb	2hyn_E	0.092	217	99	15	5	137	14	216	4.491E+00	18	639	316	9.001E-02	1.503E-01	1.503E-01	1.325E+01	0.020	9606	Homo sapiens	-_cellular organisms;d_Eukaryota;-_Opisthokonta;k_Metazoa;-_Eumetazoa;-_Bilateria;-_Deuterostomia;p_Chordata;-_Craniata;-_Vertebrata;-_Gnathostomata;-_Teleostomi;-_Euteleostomi;-_Sarcopterygii;-_Dipnotetrapodomorpha;-_Tetrapoda;-_Amniota;c_Mammalia;-_Theria;-_Eutheria;-_Boreoeutheria;-_Euarchontoglires;o_Primates;-_Haplorrhini;-_Simiiformes;-_Catarrhini;-_Hominoidea;f_Hominidae;-_Homininae;g_Homo;s_Homo sapiens
0.pdb	7ejs_B	0.137	58	40	4	586	637	288	341	7.178E+00	18	639	345	4.928E-02	8.304E-02	8.304E-02	8.459E+00	0.020	6239	Caenorhabditis elegans	-_cellular organisms;d_Eukaryota;-_Opisthokonta;k_Metazoa;-_Eumetazoa;-_Bilateria;-_Protostomia;-_Ecdysozoa;p_Nematoda;c_Chromadorea;o_Rhabditida;-_Rhabditina;-_Rhabditomorpha;-_Rhabditoidea;f_Rhabditidae;-_Peloderinae;g_Caenorhabditis;s_Caenorhabditis elegans
0.pdb	8adn_a	0.142	63	46	6	582	639	287	346	7.562E+00	18	639	348	5.502E-02	9.085E-02	9.085E-02	9.828E+00	0.020	6039	Vairimorpha necatrix	-_cellular organisms;d_Eukaryota;-_Opisthokonta;k_Fungi;-_Fungi incertae sedis;p_Microsporidia;-_Apansporoblastina;f_Nosematidae;g_Vairimorpha;s_Vairimorpha necatrix
0.pdb	1aj3_A	0.106	235	104	13	19	250	93	224	5.531E+00	18	639	413	9.338E-02	1.361E-01	1.361E-01	1.571E+01	0.020	9031	Gallus gallus	-_cellular organisms;d_Eukaryota;-_Opisthokonta;k_Metazoa;-_Eumetazoa;-_Bilateria;-_Deuterostomia;p_Chordata;-_Craniata;-_Vertebrata;-_Gnathostomata;-_Teleostomi;-_Euteleostomi;-_Sarcopterygii;-_Dipnotetrapodomorpha;-_Tetrapoda;-_Amniota;-_Sauropsida;-_Sauria;-_Archelosauria;-_Archosauria;-_Dinosauria;-_Saurischia;-_Theropoda;-_Coelurosauria;c_Aves;-_Neognathae;-_Galloanserae;o_Galliformes;f_Phasianidae;-_Phasianinae;g_Gallus;s_Gallus gallus
0.pdb	4gyc_A	0.115	69	48	4	579	637	546	611	6.814E+00	18	639	616	5.142E-02	5.314E-02	5.314E-02	1.097E+01	0.020	2257	Natronomonas pharaonis	-_cellular organisms;d_Archaea;p_Euryarchaeota;-_Stenosarchaea group;c_Halobacteria;o_Halobacteriales;f_Haloarculaceae;g_Natronomonas;s_Natronomonas pharaonis
0.pdb	2c5x_B	0.119	235	116	13	33	224	497	683	7.178E+00	18	639	855	1.083E-01	8.336E-02	8.336E-02	2.542E+01	0.020	9606	Homo sapiens	-_cellular organisms;d_Eukaryota;-_Opisthokonta;k_Metazoa;-_Eumetazoa;-_Bilateria;-_Deuterostomia;p_Chordata;-_Craniata;-_Vertebrata;-_Gnathostomata;-_Teleostomi;-_Euteleostomi;-_Sarcopterygii;-_Dipnotetrapodomorpha;-_Tetrapoda;-_Amniota;c_Mammalia;-_Theria;-_Eutheria;-_Boreoeutheria;-_Euarchontoglires;o_Primates;-_Haplorrhini;-_Simiiformes;-_Catarrhini;-_Hominoidea;f_Hominidae;-_Homininae;g_Homo;s_Homo sapiens
0.pdb	8etc_L	0.124	137	94	6	400	534	6	118	8.393E+00	17	639	118	6.134E-02	2.108E-01	2.108E-01	2.253E+01	0.016	4896	Schizosaccharomyces pombe	-_cellular organisms;d_Eukaryota;-_Opisthokonta;k_Fungi;-_Dikarya;p_Ascomycota;-_Taphrinomycotina;c_Schizosaccharomycetes;o_Schizosaccharomycetales;f_Schizosaccharomycetaceae;g_Schizosaccharomyces;s_Schizosaccharomyces pombe
0.pdb	3a45_A	0.112	267	133	15	34	221	4	245	5.251E+00	17	639	283	1.040E-01	1.921E-01	1.921E-01	1.351E+01	0.016	212035	Acanthamoeba polyphaga mimivirus	d_Viruses;-_Varidnaviria;k_Bamfordvirae;p_Nucleocytoviricota;c_Megaviricetes;o_Imitervirales;f_Mimiviridae;g_Mimivirus;s_Acanthamoeba polyphaga mimivirus
0.pdb	8atd_D	0.113	106	67	5	5	104	13	97	6.468E+00	17	639	297	7.327E-02	1.230E-01	1.230E-01	8.594E+00	0.016	4932	Saccharomyces cerevisiae	-_cellular organisms;d_Eukaryota;-_Opisthokonta;k_Fungi;-_Dikarya;p_Ascomycota;-_saccharomyceta;-_Saccharomycotina;c_Saccharomycetes;o_Saccharomycetales;f_Saccharomycetaceae;g_Saccharomyces;s_Saccharomyces cerevisiae
0.pdb	3j9j_C	0.126	182	109	9	327	472	148	315	6.468E+00	17	639	351	8.168E-02	1.239E-01	1.239E-01	1.230E+01	0.016	10116	Rattus norvegicus	-_cellular organisms;d_Eukaryota;-_Opisthokonta;k_Metazoa;-_Eumetazoa;-_Bilateria;-_Deuterostomia;p_Chordata;-_Craniata;-_Vertebrata;-_Gnathostomata;-_Teleostomi;-_Euteleostomi;-_Sarcopterygii;-_Dipnotetrapodomorpha;-_Tetrapoda;-_Amniota;c_Mammalia;-_Theria;-_Eutheria;-_Boreoeutheria;-_Euarchontoglires;-_Glires;o_Rodentia;-_Myomorpha;-_Muroidea;f_Muridae;-_Murinae;g_Rattus;s_Rattus norvegicus
0.pdb	1gu0_H	0.083	277	158	12	326	520	164	426	4.731E+00	17	639	435	8.080E-02	1.094E-01	1.094E-01	2.463E+01	0.016	1902	Streptomyces coelicolor	-_cellular organisms;d_Bacteria;-_Terrabacteria group;p_Actinomycetota;c_Actinomycetes;o_Kitasatosporales;f_Streptomycetaceae;g_Streptomyces;-_Streptomyces albidoflavus group;s_Streptomyces coelicolor
0.pdb	4get_D	0.086	277	164	13	34	251	79	325	9.315E+00	17	639	655	1.250E-01	1.226E-01	1.226E-01	1.643E+01	0.016	13249	Rhodnius prolixus	-_cellular organisms;d_Eukaryota;-_Opisthokonta;k_Metazoa;-_Eumetazoa;-_Bilateria;-_Protostomia;-_Ecdysozoa;-_Panarthropoda;p_Arthropoda;-_Mandibulata;-_Pancrustacea;-_Hexapoda;c_Insecta;-_Dicondylia;-_Pterygota;-_Neoptera;-_Paraneoptera;o_Hemiptera;-_Prosorrhyncha;-_Heteroptera;-_Euheteroptera;-_Neoheteroptera;-_Panheteroptera;-_Cimicomorpha;-_Reduvioidea;f_Reduviidae;-_Triatominae;g_Rhodnius;s_Rhodnius prolixus
0.pdb	2e5t_A	0.083	289	145	17	34	252	85	323	6.468E+00	17	639	703	1.124E-01	1.048E-01	1.048E-01	1.564E+01	0.016	2334	Bacillus sp. PS3	-_cellular organisms;d_Bacteria;-_Terrabacteria group;p_Bacillota;c_Bacilli;o_Bacillales;f_Bacillaceae;g_Bacillus;-_unclassified Bacillus (in: firmicutes);s_Bacillus sp. PS3
0.pdb	4fzb_L	0.072	233	139	12	34	227	85	279	7.562E+00	17	639	703	1.102E-01	1.022E-01	1.022E-01	1.596E+01	0.016	10506	Paramecium bursaria Chlorella virus 1	d_Viruses;-_Varidnaviria;k_Bamfordvirae;p_Nucleocytoviricota;c_Megaviricetes;o_Algavirales;f_Phycodnaviridae;g_Chlorovirus;s_Paramecium bursaria Chlorella virus 1
0.pdb	6c4h_v	0.084	437	225	23	160	490	269	636	1.584E+00	17	639	739	8.220E-02	7.557E-02	7.557E-02	2.717E+01	0.016	562	Escherichia coli	-_cellular organisms;d_Bacteria;p_Pseudomonadota;c_Gammaproteobacteria;o_Enterobacterales;f_Enterobacteriaceae;g_Escherichia;s_Escherichia coli
0.pdb	4aun_E	0.100	150	90	10	1	138	525	641	7.562E+00	17	639	809	9.485E-02	7.963E-02	7.963E-02	9.802E+00	0.016	85995	Mycothermus thermophilus	-_cellular organisms;d_Eukaryota;-_Opisthokonta;k_Fungi;-_Dikarya;p_Ascomycota;-_saccharomyceta;-_Pezizomycotina;-_leotiomyceta;-_sordariomyceta;c_Sordariomycetes;-_Sordariomycetidae;o_Sordariales;f_Chaetomiaceae;g_Mycothermus;s_Mycothermus thermophilus
0.pdb	5hkh_B	0.147	61	43	5	579	636	187	241	7.562E+00	16	639	249	5.071E-02	1.117E-01	1.117E-01	9.462E+00	0.014	9606	Homo sapiens	-_cellular organisms;d_Eukaryota;-_Opisthokonta;k_Metazoa;-_Eumetazoa;-_Bilateria;-_Deuterostomia;p_Chordata;-_Craniata;-_Vertebrata;-_Gnathostomata;-_Teleostomi;-_Euteleostomi;-_Sarcopterygii;-_Dipnotetrapodomorpha;-_Tetrapoda;-_Amniota;c_Mammalia;-_Theria;-_Eutheria;-_Boreoeutheria;-_Euarchontoglires;o_Primates;-_Haplorrhini;-_Simiiformes;-_Catarrhini;-_Hominoidea;f_Hominidae;-_Homininae;g_Homo;s_Homo sapiens
0.pdb	1aoy_A	0.087	308	133	16	33	250	2	251	7.967E+00	16	639	306	1.101E-01	2.029E-01	2.029E-01	1.637E+01	0.014	83333	Escherichia coli K-12	-_cellular organisms;d_Bacteria;p_Pseudomonadota;c_Gammaproteobacteria;o_Enterobacterales;f_Enterobacteriaceae;g_Escherichia;s_Escherichia coli;-_Escherichia coli K-12
0.pdb	2bud_A	0.139	187	90	11	21	189	111	244	8.842E+00	16	639	308	9.165E-02	1.603E-01	1.603E-01	1.365E+01	0.014	7227	Drosophila melanogaster	-_cellular organisms;d_Eukaryota;-_Opisthokonta;k_Metazoa;-_Eumetazoa;-_Bilateria;-_Protostomia;-_Ecdysozoa;-_Panarthropoda;p_Arthropoda;-_Mandibulata;-_Pancrustacea;-_Hexapoda;c_Insecta;-_Dicondylia;-_Pterygota;-_Neoptera;-_Endopterygota;o_Diptera;-_Brachycera;-_Muscomorpha;-_Eremoneura;-_Cyclorrhapha;-_Schizophora;-_Acalyptratae;-_Ephydroidea;f_Drosophilidae;-_Drosophilinae;-_Drosophilini;g_Drosophila;-_Sophophora;-_melanogaster group;-_melanogaster subgroup;s_Drosophila melanogaster
0.pdb	3j9j_B	0.126	182	109	9	327	472	142	309	7.967E+00	16	639	345	8.169E-02	1.256E-01	1.256E-01	1.230E+01	0.014	10116	Rattus norvegicus	-_cellular organisms;d_Eukaryota;-_Opisthokonta;k_Metazoa;-_Eumetazoa;-_Bilateria;-_Deuterostomia;p_Chordata;-_Craniata;-_Vertebrata;-_Gnathostomata;-_Teleostomi;-_Euteleostomi;-_Sarcopterygii;-_Dipnotetrapodomorpha;-_Tetrapoda;-_Amniota;c_Mammalia;-_Theria;-_Eutheria;-_Boreoeutheria;-_Euarchontoglires;-_Glires;o_Rodentia;-_Myomorpha;-_Muroidea;f_Muridae;-_Murinae;g_Rattus;s_Rattus norvegicus
0.pdb	5isv_B	0.094	328	154	19	33	249	2	297	6.468E+00	16	639	368	1.195E-01	1.788E-01	1.788E-01	1.581E+01	0.014	83334	Escherichia coli O157:H7	-_cellular organisms;d_Bacteria;p_Pseudomonadota;c_Gammaproteobacteria;o_Enterobacterales;f_Enterobacteriaceae;g_Escherichia;s_Escherichia coli;-_Escherichia coli O157:H7
0.pdb	4gev_B	0.102	311	154	18	33	251	44	321	6.468E+00	16	639	645	1.137E-01	1.129E-01	1.129E-01	1.778E+01	0.014	83333	Escherichia coli K-12	-_cellular organisms;d_Bacteria;p_Pseudomonadota;c_Gammaproteobacteria;o_Enterobacterales;f_Enterobacteriaceae;g_Escherichia;s_Escherichia coli;-_Escherichia coli K-12
0.pdb	2j8l_A	0.194	77	49	5	573	639	1358	1431	5.827E+00	16	639	1449	5.701E-02	2.840E-02	2.840E-02	1.179E+01	0.014	9606	Homo sapiens	-_cellular organisms;d_Eukaryota;-_Opisthokonta;k_Metazoa;-_Eumetazoa;-_Bilateria;-_Deuterostomia;p_Chordata;-_Craniata;-_Vertebrata;-_Gnathostomata;-_Teleostomi;-_Euteleostomi;-_Sarcopterygii;-_Dipnotetrapodomorpha;-_Tetrapoda;-_Amniota;c_Mammalia;-_Theria;-_Eutheria;-_Boreoeutheria;-_Euarchontoglires;o_Primates;-_Haplorrhini;-_Simiiformes;-_Catarrhini;-_Hominoidea;f_Hominidae;-_Homininae;g_Homo;s_Homo sapiens
0.pdb	8eax_G	0.102	136	69	8	21	137	20	121	6.468E+00	15	639	122	5.680E-02	1.936E-01	1.936E-01	1.541E+01	0.011	1214568	Diaporthe amygdali	-_cellular organisms;d_Eukaryota;-_Opisthokonta;k_Fungi;-_Dikarya;p_Ascomycota;-_saccharomyceta;-_Pezizomycotina;-_leotiomyceta;-_sordariomyceta;c_Sordariomycetes;-_Sordariomycetidae;o_Diaporthales;f_Diaporthaceae;g_Diaporthe;s_Diaporthe amygdali
0.pdb	7ezx_AA	0.086	58	45	4	584	637	81	134	9.813E+00	15	639	138	4.873E-02	1.637E-01	1.637E-01	9.290E+00	0.011	35688	Porphyridium purpureum	-_cellular organisms;d_Eukaryota;p_Rhodophyta;c_Bangiophyceae;o_Porphyridiales;f_Porphyridiaceae;g_Porphyridium;s_Porphyridium purpureum
0.pdb	6buw_XP	0.173	52	35	2	584	632	196	242	7.967E+00	15	639	249	4.201E-02	8.960E-02	8.960E-02	8.664E+00	0.011	300852	Thermus thermophilus HB8	-_cellular organisms;d_Bacteria;-_Terrabacteria group;p_Deinococcota;c_Deinococci;o_Thermales;f_Thermaceae;g_Thermus;s_Thermus thermophilus;-_Thermus thermophilus HB8
0.pdb	7a02_T	0.109	302	154	18	2	269	1	221	7.967E+00	15	639	290	1.142E-01	1.840E-01	1.840E-01	1.479E+01	0.011	1396	Bacillus cereus	-_cellular organisms;d_Bacteria;-_Terrabacteria group;p_Bacillota;c_Bacilli;o_Bacillales;f_Bacillaceae;g_Bacillus;-_Bacillus cereus group;s_Bacillus cereus
0.pdb	7e59_A	0.080	236	154	11	328	517	249	467	8.393E+00	15	639	483	6.778E-02	8.508E-02	8.508E-02	2.661E+01	0.011	9606	Homo sapiens	-_cellular organisms;d_Eukaryota;-_Opisthokonta;k_Metazoa;-_Eumetazoa;-_Bilateria;-_Deuterostomia;p_Chordata;-_Craniata;-_Vertebrata;-_Gnathostomata;-_Teleostomi;-_Euteleostomi;-_Sarcopterygii;-_Dipnotetrapodomorpha;-_Tetrapoda;-_Amniota;c_Mammalia;-_Theria;-_Eutheria;-_Boreoeutheria;-_Euarchontoglires;o_Primates;-_Haplorrhini;-_Simiiformes;-_Catarrhini;-_Hominoidea;f_Hominidae;-_Homininae;g_Homo;s_Homo sapiens
0.pdb	4hh9_A	0.092	464	269	34	78	495	166	523	1.584E+00	15	639	596	7.090E-02	7.458E-02	7.458E-02	3.823E+01	0.011	9606	Homo sapiens	-_cellular organisms;d_Eukaryota;-_Opisthokonta;k_Metazoa;-_Eumetazoa;-_Bilateria;-_Deuterostomia;p_Chordata;-_Craniata;-_Vertebrata;-_Gnathostomata;-_Teleostomi;-_Euteleostomi;-_Sarcopterygii;-_Dipnotetrapodomorpha;-_Tetrapoda;-_Amniota;c_Mammalia;-_Theria;-_Eutheria;-_Boreoeutheria;-_Euarchontoglires;o_Primates;-_Haplorrhini;-_Simiiformes;-_Catarrhini;-_Hominoidea;f_Hominidae;-_Homininae;g_Homo;s_Homo sapiens
0.pdb	2d7q_A	0.129	155	101	10	416	536	12	166	9.813E+00	14	639	178	5.972E-02	1.418E-01	1.418E-01	1.813E+01	0.010	9606	Homo sapiens	-_cellular organisms;d_Eukaryota;-_Opisthokonta;k_Metazoa;-_Eumetazoa;-_Bilateria;-_Deuterostomia;p_Chordata;-_Craniata;-_Vertebrata;-_Gnathostomata;-_Teleostomi;-_Euteleostomi;-_Sarcopterygii;-_Dipnotetrapodomorpha;-_Tetrapoda;-_Amniota;c_Mammalia;-_Theria;-_Eutheria;-_Boreoeutheria;-_Euarchontoglires;o_Primates;-_Haplorrhini;-_Simiiformes;-_Catarrhini;-_Hominoidea;f_Hominidae;-_Homininae;g_Homo;s_Homo sapiens
0.pdb	7ciy_B	0.103	193	120	8	326	507	124	274	9.813E+00	14	639	276	6.852E-02	1.206E-01	1.206E-01	2.785E+01	0.010	79261	Streptomyces castaneoglobisporus	-_cellular organisms;d_Bacteria;-_Terrabacteria group;p_Actinomycetota;c_Actinomycetes;o_Kitasatosporales;f_Streptomycetaceae;g_Streptomyces;s_Streptomyces castaneoglobisporus
0.pdb	6avk_B	0.098	274	136	14	10	255	45	235	6.139E+00	14	639	279	8.792E-02	1.596E-01	1.596E-01	1.446E+01	0.010	1895	Streptomyces avidinii	-_cellular organisms;d_Bacteria;-_Terrabacteria group;p_Actinomycetota;c_Actinomycetes;o_Kitasatosporales;f_Streptomycetaceae;g_Streptomyces;s_Streptomyces avidinii
0.pdb	3jc8_Mb	0.116	198	112	15	83	259	100	255	9.813E+00	14	639	354	9.980E-02	1.489E-01	1.489E-01	1.368E+01	0.010	246197	Myxococcus xanthus DK 1622	-_cellular organisms;d_Bacteria;p_Myxococcota;c_Myxococcia;o_Myxococcales;-_Cystobacterineae;f_Myxococcaceae;g_Myxococcus;s_Myxococcus xanthus;-_Myxococcus xanthus DK 1622
0.pdb	7bwh_A	0.114	307	155	20	33	251	31	308	8.393E+00	14	639	636	1.061E-01	1.065E-01	1.065E-01	1.835E+01	0.010	947166	Ramazzottius varieornatus	-_cellular organisms;d_Eukaryota;-_Opisthokonta;k_Metazoa;-_Eumetazoa;-_Bilateria;-_Protostomia;-_Ecdysozoa;-_Panarthropoda;p_Tardigrada;c_Eutardigrada;o_Parachela;-_Hypsibioidea;f_Ramazzottiidae;g_Ramazzottius;s_Ramazzottius varieornatus
0.pdb	5bs1_A	0.113	617	298	43	33	504	39	551	2.960E+00	14	639	638	9.644E-02	9.656E-02	9.656E-02	2.730E+01	0.010	3055	Chlamydomonas reinhardtii	-_cellular organisms;d_Eukaryota;k_Viridiplantae;p_Chlorophyta;-_core chlorophytes;c_Chlorophyceae;-_CS clade;o_Chlamydomonadales;f_Chlamydomonadaceae;g_Chlamydomonas;s_Chlamydomonas reinhardtii
0.pdb	7ekf_A	0.100	586	316	36	33	504	54	542	4.731E+00	14	639	645	1.253E-01	1.243E-01	1.243E-01	2.756E+01	0.010	9606	Homo sapiens	-_cellular organisms;d_Eukaryota;-_Opisthokonta;k_Metazoa;-_Eumetazoa;-_Bilateria;-_Deuterostomia;p_Chordata;-_Craniata;-_Vertebrata;-_Gnathostomata;-_Teleostomi;-_Euteleostomi;-_Sarcopterygii;-_Dipnotetrapodomorpha;-_Tetrapoda;-_Amniota;c_Mammalia;-_Theria;-_Eutheria;-_Boreoeutheria;-_Euarchontoglires;o_Primates;-_Haplorrhini;-_Simiiformes;-_Catarrhini;-_Hominoidea;f_Hominidae;-_Homininae;g_Homo;s_Homo sapiens
0.pdb	4dr3_K	0.079	253	146	15	10	255	49	221	8.842E+00	13	639	265	9.142E-02	1.649E-01	1.649E-01	1.365E+01	0.009	300852	Thermus thermophilus HB8	-_cellular organisms;d_Bacteria;-_Terrabacteria group;p_Deinococcota;c_Deinococci;o_Thermales;f_Thermaceae;g_Thermus;s_Thermus thermophilus;-_Thermus thermophilus HB8
0.pdb	5j4u_A	0.110	236	111	15	12	224	56	215	9.315E+00	13	639	421	9.456E-02	1.228E-01	1.228E-01	1.395E+01	0.009	3694	Populus trichocarpa	-_cellular organisms;d_Eukaryota;k_Viridiplantae;p_Streptophyta;-_Streptophytina;-_Embryophyta;-_Tracheophyta;-_Euphyllophyta;-_Spermatophyta;c_Magnoliopsida;-_Mesangiospermae;-_eudicotyledons;-_Gunneridae;-_Pentapetalae;-_rosids;-_fabids;o_Malpighiales;f_Salicaceae;-_Saliceae;g_Populus;s_Populus trichocarpa
0.pdb	5aw2_B	0.072	261	89	14	19	250	106	242	7.967E+00	13	639	438	7.432E-02	1.043E-01	1.043E-01	1.649E+01	0.009	7797	Squalus acanthias	-_cellular organisms;d_Eukaryota;-_Opisthokonta;k_Metazoa;-_Eumetazoa;-_Bilateria;-_Deuterostomia;p_Chordata;-_Craniata;-_Vertebrata;-_Gnathostomata;c_Chondrichthyes;-_Elasmobranchii;-_Selachii;-_Squalomorphii;o_Squaliformes;f_Squalidae;g_Squalus;s_Squalus acanthias
0.pdb	6cp6_H	0.094	319	168	24	13	250	3	281	8.842E+00	13	639	587	1.143E-01	1.225E-01	1.225E-01	1.678E+01	0.009	559292	Saccharomyces cerevisiae S288C	-_cellular organisms;d_Eukaryota;-_Opisthokonta;k_Fungi;-_Dikarya;p_Ascomycota;-_saccharomyceta;-_Saccharomycotina;c_Saccharomycetes;o_Saccharomycetales;f_Saccharomycetaceae;g_Saccharomyces;s_Saccharomyces cerevisiae;-_Saccharomyces cerevisiae S288C
0.pdb	3c52_B	0.096	558	268	32	11	512	145	522	9.315E+00	10	639	522	8.716E-02	1.009E-01	1.009E-01	2.698E+01	0.000	210	Helicobacter pylori	-_cellular organisms;d_Bacteria;p_Campylobacterota;c_Epsilonproteobacteria;o_Campylobacterales;f_Helicobacteraceae;g_Helicobacter;s_Helicobacter pylori
0.pdb	3abt_A	0.072	425	197	19	326	623	183	537	9.315E+00	10	639	565	6.909E-02	7.643E-02	7.643E-02	2.916E+01	0.000	9606	Homo sapiens	-_cellular organisms;d_Eukaryota;-_Opisthokonta;k_Metazoa;-_Eumetazoa;-_Bilateria;-_Deuterostomia;p_Chordata;-_Craniata;-_Vertebrata;-_Gnathostomata;-_Teleostomi;-_Euteleostomi;-_Sarcopterygii;-_Dipnotetrapodomorpha;-_Tetrapoda;-_Amniota;c_Mammalia;-_Theria;-_Eutheria;-_Boreoeutheria;-_Euarchontoglires;o_Primates;-_Haplorrhini;-_Simiiformes;-_Catarrhini;-_Hominoidea;f_Hominidae;-_Homininae;g_Homo;s_Homo sapiens
