sequence_id	orthogroup_id	species_id	topAnnotation_sseqid	topAnnotation_evalue	topAnnotation_bitscore	topAnnotation_staxids	topAnnotation_title	topTaxon_sseqid	topTaxon_evalue	topTaxon_bitscore	topTaxon_staxids	topTaxon_title
Acropora_acuminata_SLJPv1___s0001.g122.t1	OG0002542	Acropora_acuminata_SLJPv1	NA	NA	NA	NA	NA	NA	NA	NA	NA	NA
Acropora_acuminata_SLJPv1___s0007.g183.t1	OG0002542	Acropora_acuminata_SLJPv1	NA	NA	NA	NA	NA	MBL8018075_1	0.00000361	57.4	2604146	hypothetical protein [Leptospirales bacterium]
Acropora_acuminata_SLJPv1___s0028.g92.t1	OG0002542	Acropora_acuminata_SLJPv1	NA	NA	NA	NA	NA	NA	NA	NA	NA	NA
Acropora_acuminata_SLJPv1___s0028.g93.t1	OG0002542	Acropora_acuminata_SLJPv1	NA	NA	NA	NA	NA	NA	NA	NA	NA	NA
Acropora_awi_SLJPv1___s0189.g41.t1	OG0002542	Acropora_awi_SLJPv1	NA	NA	NA	NA	NA	NA	NA	NA	NA	NA
Acropora_awi_SLJPv1___s0189.g42.t1	OG0002542	Acropora_awi_SLJPv1	NA	NA	NA	NA	NA	NA	NA	NA	NA	NA
Acropora_awi_SLJPv1___s0210.g34.t1	OG0002542	Acropora_awi_SLJPv1	NA	NA	NA	NA	NA	NA	NA	NA	NA	NA
Acropora_awi_SLJPv1___s0291.g15.t1	OG0002542	Acropora_awi_SLJPv1	NA	NA	NA	NA	NA	NA	NA	NA	NA	NA
Acropora_cytherea_SLJPv1___s0002.g7.t1	OG0002542	Acropora_cytherea_SLJPv1	NA	NA	NA	NA	NA	NA	NA	NA	NA	NA
Acropora_cytherea_SLJPv1___s0002.g8.t1	OG0002542	Acropora_cytherea_SLJPv1	NA	NA	NA	NA	NA	NA	NA	NA	NA	NA
Acropora_cytherea_SLJPv1___s0051.g16.t1	OG0002542	Acropora_cytherea_SLJPv1	NA	NA	NA	NA	NA	NA	NA	NA	NA	NA
Acropora_cytherea_SLJPv1___s0155.g21.t2	OG0002542	Acropora_cytherea_SLJPv1	NA	NA	NA	NA	NA	MBL8018075_1	0.00000183	58.5	2604146	hypothetical protein [Leptospirales bacterium]
Acropora_digitifera_SLJPv2___s0037.g18.t1	OG0002542	Acropora_digitifera_SLJPv2	NA	NA	NA	NA	NA	NA	NA	NA	NA	NA
Acropora_digitifera_SLJPv2___s0118.g20.t1	OG0002542	Acropora_digitifera_SLJPv2	NA	NA	NA	NA	NA	MBL8018075_1	0.0000025	58.2	2604146	hypothetical protein [Leptospirales bacterium]
Acropora_digitifera_SLJPv2___s0185.g7.t1	OG0002542	Acropora_digitifera_SLJPv2	NA	NA	NA	NA	NA	GDX78756_1	0.00000708	55.1	2026735	hypothetical protein LBMAG42_05670 [Deltaproteobacteria bacterium]
Acropora_digitifera_SLJPv2___s0185.g8.t1	OG0002542	Acropora_digitifera_SLJPv2	NA	NA	NA	NA	NA	NA	NA	NA	NA	NA
Acropora_echinata_SLJPv1___s0013.g187.t1	OG0002542	Acropora_echinata_SLJPv1	NA	NA	NA	NA	NA	NA	NA	NA	NA	NA
Acropora_echinata_SLJPv1___s0013.g188.t1	OG0002542	Acropora_echinata_SLJPv1	NA	NA	NA	NA	NA	NA	NA	NA	NA	NA
Acropora_echinata_SLJPv1___s0026.g80.t1	OG0002542	Acropora_echinata_SLJPv1	NA	NA	NA	NA	NA	NA	NA	NA	NA	NA
Acropora_echinata_SLJPv1___s0036.g140.t1	OG0002542	Acropora_echinata_SLJPv1	NA	NA	NA	NA	NA	MBL8018075_1	0.0000025	58.2	2604146	hypothetical protein [Leptospirales bacterium]
Acropora_florida_SLJPv1___s0006.g82.t1	OG0002542	Acropora_florida_SLJPv1	NA	NA	NA	NA	NA	NA	NA	NA	NA	NA
Acropora_florida_SLJPv1___s0070.g44.t1	OG0002542	Acropora_florida_SLJPv1	NA	NA	NA	NA	NA	NA	NA	NA	NA	NA
Acropora_florida_SLJPv1___s0070.g45.t1	OG0002542	Acropora_florida_SLJPv1	NA	NA	NA	NA	NA	GDX78756_1	0.000000179	61.6	2026735	hypothetical protein LBMAG42_05670 [Deltaproteobacteria bacterium]
Acropora_gemmifera_SLJPv1___s0013.g73.t1	OG0002542	Acropora_gemmifera_SLJPv1	NA	NA	NA	NA	NA	MBL8018075_1	0.00000361	57.4	2604146	hypothetical protein [Leptospirales bacterium]
Acropora_gemmifera_SLJPv1___s0028.g81.t1	OG0002542	Acropora_gemmifera_SLJPv1	NA	NA	NA	NA	NA	NA	NA	NA	NA	NA
Acropora_gemmifera_SLJPv1___s0203.g10.t1	OG0002542	Acropora_gemmifera_SLJPv1	NA	NA	NA	NA	NA	NA	NA	NA	NA	NA
Acropora_gemmifera_SLJPv1___s0203.g9.t1	OG0002542	Acropora_gemmifera_SLJPv1	NA	NA	NA	NA	NA	NA	NA	NA	NA	NA
Acropora_hyacinthus_SLJPv1___s0036.g63.t1	OG0002542	Acropora_hyacinthus_SLJPv1	NA	NA	NA	NA	NA	NA	NA	NA	NA	NA
Acropora_hyacinthus_SLJPv1___s0036.g64.t1	OG0002542	Acropora_hyacinthus_SLJPv1	NA	NA	NA	NA	NA	NA	NA	NA	NA	NA
Acropora_hyacinthus_SLJPv1___s0216.g43.t1	OG0002542	Acropora_hyacinthus_SLJPv1	NA	NA	NA	NA	NA	MBL8018075_1	0.00000139	58.5	2604146	hypothetical protein [Leptospirales bacterium]
Acropora_hyacinthus_SLJPv1___s0921.g2.t1	OG0002542	Acropora_hyacinthus_SLJPv1	NA	NA	NA	NA	NA	NA	NA	NA	NA	NA
Acropora_intermedia_SLJPv1___s0044.g39.t1	OG0002542	Acropora_intermedia_SLJPv1	NA	NA	NA	NA	NA	NA	NA	NA	NA	NA
Acropora_intermedia_SLJPv1___s0049.g57.t1	OG0002542	Acropora_intermedia_SLJPv1	NA	NA	NA	NA	NA	NA	NA	NA	NA	NA
Acropora_intermedia_SLJPv1___s0049.g58.t1	OG0002542	Acropora_intermedia_SLJPv1	NA	NA	NA	NA	NA	NA	NA	NA	NA	NA
Acropora_intermedia_SLJPv1___s0115.g45.t1	OG0002542	Acropora_intermedia_SLJPv1	NA	NA	NA	NA	NA	MBL8018075_1	0.00000494	57	2604146	hypothetical protein [Leptospirales bacterium]
Acropora_microphthalma_SLJPv1___s0080.g51.t1	OG0002542	Acropora_microphthalma_SLJPv1	NA	NA	NA	NA	NA	NA	NA	NA	NA	NA
Acropora_microphthalma_SLJPv1___s0195.g41.t1	OG0002542	Acropora_microphthalma_SLJPv1	NA	NA	NA	NA	NA	NA	NA	NA	NA	NA
Acropora_microphthalma_SLJPv1___s0195.g42.t1	OG0002542	Acropora_microphthalma_SLJPv1	NA	NA	NA	NA	NA	NA	NA	NA	NA	NA
Acropora_microphthalma_SLJPv1___s0217.g26.t2	OG0002542	Acropora_microphthalma_SLJPv1	NA	NA	NA	NA	NA	MBL8920216_1	0.00000694	57	2484252	hypothetical protein [Myxococcaceae bacterium]
Acropora_millepora_JSIDv2.1___XP_029188583.2	OG0002542	Acropora_millepora_JSIDv2.1	NA	NA	NA	NA	NA	NA	NA	NA	NA	NA
Acropora_millepora_JSIDv2.1___XP_029196466.1	OG0002542	Acropora_millepora_JSIDv2.1	NA	NA	NA	NA	NA	MBL8018075_1	0.00000183	58.5	2604146	hypothetical protein [Leptospirales bacterium]
Acropora_millepora_JSIDv2.1___XP_029201053.2	OG0002542	Acropora_millepora_JSIDv2.1	NA	NA	NA	NA	NA	GDX78756_1	0.00000765	57	2026735	hypothetical protein LBMAG42_05670 [Deltaproteobacteria bacterium]
Acropora_muricata_SLJPv1___s0059.g63.t1	OG0002542	Acropora_muricata_SLJPv1	NA	NA	NA	NA	NA	NA	NA	NA	NA	NA
Acropora_muricata_SLJPv1___s0059.g64.t1	OG0002542	Acropora_muricata_SLJPv1	NA	NA	NA	NA	NA	NA	NA	NA	NA	NA
Acropora_muricata_SLJPv1___s0156.g37.t1	OG0002542	Acropora_muricata_SLJPv1	NA	NA	NA	NA	NA	MBL8018075_1	0.00000102	58.9	2604146	hypothetical protein [Leptospirales bacterium]
Acropora_muricata_SLJPv1___s0301.g13.t1	OG0002542	Acropora_muricata_SLJPv1	NA	NA	NA	NA	NA	NA	NA	NA	NA	NA
Acropora_muricata_XSCSv1___transcript_HQ_E2_1_transcript15226_f11p0_1631_m.695	OG0002542	Acropora_muricata_XSCSv1	NA	NA	NA	NA	NA	MBL8018075_1	0.00000177	58.5	2604146	hypothetical protein [Leptospirales bacterium]
Acropora_nasuta_SLJPv1___s0020.g117.t1	OG0002542	Acropora_nasuta_SLJPv1	NA	NA	NA	NA	NA	NA	NA	NA	NA	NA
Acropora_nasuta_SLJPv1___s0100.g46.t2	OG0002542	Acropora_nasuta_SLJPv1	NA	NA	NA	NA	NA	MAE29922_1	0.00000738	57	2026780	hypothetical protein [Planctomycetes bacterium]
Acropora_nasuta_SLJPv1___s0185.g69.t1	OG0002542	Acropora_nasuta_SLJPv1	NA	NA	NA	NA	NA	NA	NA	NA	NA	NA
Acropora_nasuta_SLJPv1___s3353.g1.t1	OG0002542	Acropora_nasuta_SLJPv1	NA	NA	NA	NA	NA	NA	NA	NA	NA	NA
Acropora_selago_SLJPv1___s0103.g43.t1	OG0002542	Acropora_selago_SLJPv1	NA	NA	NA	NA	NA	NA	NA	NA	NA	NA
Acropora_selago_SLJPv1___s0158.g19.t1	OG0002542	Acropora_selago_SLJPv1	NA	NA	NA	NA	NA	MBL8018075_1	0.00000183	58.5	2604146	hypothetical protein [Leptospirales bacterium]
Acropora_selago_SLJPv1___s0179.g44.t1	OG0002542	Acropora_selago_SLJPv1	NA	NA	NA	NA	NA	NA	NA	NA	NA	NA
Acropora_selago_SLJPv1___s0179.g45.t1	OG0002542	Acropora_selago_SLJPv1	NA	NA	NA	NA	NA	NA	NA	NA	NA	NA
Acropora_tenuis_SLJPv1___s0003.g174.t1	OG0002542	Acropora_tenuis_SLJPv1	NA	NA	NA	NA	NA	NA	NA	NA	NA	NA
Acropora_tenuis_SLJPv1___s0003.g175.t1	OG0002542	Acropora_tenuis_SLJPv1	NA	NA	NA	NA	NA	NA	NA	NA	NA	NA
Acropora_tenuis_SLJPv1___s0024.g80.t1	OG0002542	Acropora_tenuis_SLJPv1	NA	NA	NA	NA	NA	NA	NA	NA	NA	NA
Acropora_tenuis_SLJPv1___s0024.g81.t2	OG0002542	Acropora_tenuis_SLJPv1	NA	NA	NA	NA	NA	NA	NA	NA	NA	NA
Acropora_tenuis_SLJPv1___s0089.g19.t1	OG0002542	Acropora_tenuis_SLJPv1	NA	NA	NA	NA	NA	NA	NA	NA	NA	NA
Acropora_yongei_SLJPv1___s0004.g71.t2	OG0002542	Acropora_yongei_SLJPv1	NA	NA	NA	NA	NA	NA	NA	NA	NA	NA
Acropora_yongei_SLJPv1___s0022.g128.t1	OG0002542	Acropora_yongei_SLJPv1	NA	NA	NA	NA	NA	NA	NA	NA	NA	NA
Acropora_yongei_SLJPv1___s0022.g129.t1	OG0002542	Acropora_yongei_SLJPv1	NA	NA	NA	NA	NA	NA	NA	NA	NA	NA
Actinia_equina_RHUKv1___evm.utg1005.66	OG0002542	Actinia_equina_RHUKv1	NA	NA	NA	NA	NA	NA	NA	NA	NA	NA
Actinia_equina_RHUKv1___evm.utg1005.67	OG0002542	Actinia_equina_RHUKv1	NA	NA	NA	NA	NA	NA	NA	NA	NA	NA
Actinia_equina_RHUKv1___evm.utg180.19	OG0002542	Actinia_equina_RHUKv1	NA	NA	NA	NA	NA	NA	NA	NA	NA	NA
Actinia_equina_RHUKv1___evm.utg78.47	OG0002542	Actinia_equina_RHUKv1	NA	NA	NA	NA	NA	NA	NA	NA	NA	NA
Actinia_equina_RHUKv1___evm.utg78.48	OG0002542	Actinia_equina_RHUKv1	NA	NA	NA	NA	NA	NA	NA	NA	NA	NA
Actinia_equina_RHUKv1___evm.utg78.49	OG0002542	Actinia_equina_RHUKv1	NA	NA	NA	NA	NA	NA	NA	NA	NA	NA
Anthopleura_elegantissima_REEFv1___62661	OG0002542	Anthopleura_elegantissima_REEFv1	NA	NA	NA	NA	NA	NA	NA	NA	NA	NA
Anthopleura_elegantissima_REEFv1___63149	OG0002542	Anthopleura_elegantissima_REEFv1	NA	NA	NA	NA	NA	NA	NA	NA	NA	NA
Astreopora_myriophthalma_SLJPv2___sc0000008.g0186.t1	OG0002542	Astreopora_myriophthalma_SLJPv2	NA	NA	NA	NA	NA	MBL8920216_1	0.00000938	56.6	2484252	hypothetical protein [Myxococcaceae bacterium]
Astreopora_myriophthalma_SLJPv2___sc0000080.g0044.t1	OG0002542	Astreopora_myriophthalma_SLJPv2	NA	NA	NA	NA	NA	NA	NA	NA	NA	NA
Astreopora_sp_REEFv1___26304	OG0002542	Astreopora_sp_REEFv1	NA	NA	NA	NA	NA	TNE88939_1	0.00000129	57.4	2026735	hypothetical protein EP330_13085 [Deltaproteobacteria bacterium]
Astreopora_sp_REEFv1___27359	OG0002542	Astreopora_sp_REEFv1	NA	NA	NA	NA	NA	NA	NA	NA	NA	NA
Corallium_rubrum_MRFRv1___Contig_25882.p1	OG0002542	Corallium_rubrum_MRFRv1	NA	NA	NA	NA	NA	NA	NA	NA	NA	NA
Corallium_rubrum_MRFRv1___Contig_34075.p1	OG0002542	Corallium_rubrum_MRFRv1	NA	NA	NA	NA	NA	NA	NA	NA	NA	NA
Corynactis_australis_JBAUv1___GELM01003786.1.p1	OG0002542	Corynactis_australis_JBAUv1	NA	NA	NA	NA	NA	NA	NA	NA	NA	NA
Corynactis_australis_JBAUv1___GELM01007129.1.p1	OG0002542	Corynactis_australis_JBAUv1	NA	NA	NA	NA	NA	NA	NA	NA	NA	NA
Corynactis_australis_JBAUv1___GELM01044906.1.p1	OG0002542	Corynactis_australis_JBAUv1	NA	NA	NA	NA	NA	NA	NA	NA	NA	NA
Corynactis_australis_JBAUv1___GELM01059500.1.p1	OG0002542	Corynactis_australis_JBAUv1	NA	NA	NA	NA	NA	NA	NA	NA	NA	NA
Corynactis_australis_JBAUv1___GELM01060245.1.p1	OG0002542	Corynactis_australis_JBAUv1	NA	NA	NA	NA	NA	NA	NA	NA	NA	NA
Corynactis_australis_JBAUv1___GELM01064221.1.p1	OG0002542	Corynactis_australis_JBAUv1	NA	NA	NA	NA	NA	NA	NA	NA	NA	NA
Corynactis_australis_JBAUv1___GELM01067502.1.p1	OG0002542	Corynactis_australis_JBAUv1	NA	NA	NA	NA	NA	NA	NA	NA	NA	NA
Ctenactis_echinata_NAJPv1___GDZV01009764.1.p1	OG0002542	Ctenactis_echinata_NAJPv1	NA	NA	NA	NA	NA	NA	NA	NA	NA	NA
Ctenactis_echinata_NAJPv1___GDZV01009765.1.p1	OG0002542	Ctenactis_echinata_NAJPv1	NA	NA	NA	NA	NA	NA	NA	NA	NA	NA
Ctenactis_echinata_NAJPv1___GDZV01013289.1.p1	OG0002542	Ctenactis_echinata_NAJPv1	NA	NA	NA	NA	NA	NA	NA	NA	NA	NA
Ctenactis_echinata_NAJPv1___GDZV01018955.1.p1	OG0002542	Ctenactis_echinata_NAJPv1	NA	NA	NA	NA	NA	NA	NA	NA	NA	NA
Dendronephthya_gigantea_SJKRv1___XP_028399779.1	OG0002542	Dendronephthya_gigantea_SJKRv1	NA	NA	NA	NA	NA	NA	NA	NA	NA	NA
Dendronephthya_gigantea_SJKRv1___XP_028405427.1	OG0002542	Dendronephthya_gigantea_SJKRv1	NA	NA	NA	NA	NA	NA	NA	NA	NA	NA
Discosoma_sp_MSMEv1___evm.model.scaffold_16.22	OG0002542	Discosoma_sp_MSMEv1	NA	NA	NA	NA	NA	NA	NA	NA	NA	NA
Exaiptasia_diaphana_CC7v1___AIPGENE26147	OG0002542	Exaiptasia_diaphana_CC7v1	NA	NA	NA	NA	NA	NA	NA	NA	NA	NA
Favia_sp_REEFv1___47329	OG0002542	Favia_sp_REEFv1	NA	NA	NA	NA	NA	NA	NA	NA	NA	NA
Fungia_scutaria_REEFv1___32130	OG0002542	Fungia_scutaria_REEFv1	NA	NA	NA	NA	NA	NA	NA	NA	NA	NA
Fungia_spp_REEFv1___m2b.13830.m1	OG0002542	Fungia_spp_REEFv1	NA	NA	NA	NA	NA	NA	NA	NA	NA	NA
Fungia_spp_REEFv1___m2b.13834.m1	OG0002542	Fungia_spp_REEFv1	NA	NA	NA	NA	NA	NA	NA	NA	NA	NA
Fungia_spp_REEFv1___m2b.15968.m1	OG0002542	Fungia_spp_REEFv1	NA	NA	NA	NA	NA	NA	NA	NA	NA	NA
Fungia_spp_REEFv1___m2b.3403.m1	OG0002542	Fungia_spp_REEFv1	NA	NA	NA	NA	NA	NA	NA	NA	NA	NA
Fungia_spp_REEFv1___m4.6533.m1	OG0002542	Fungia_spp_REEFv1	NA	NA	NA	NA	NA	MBR9805409_1	0.00000543	57.4	1869227	hypothetical protein [bacterium]
Galaxea_fascicularis_REEFv1___m1.4893.m1	OG0002542	Galaxea_fascicularis_REEFv1	NA	NA	NA	NA	NA	NA	NA	NA	NA	NA
Galaxea_fascicularis_REEFv1___m1.5434.m1	OG0002542	Galaxea_fascicularis_REEFv1	NA	NA	NA	NA	NA	MAE29922_1	0.00000282	58.2	2026780	hypothetical protein [Planctomycetes bacterium]
Goniastrea_aspera_REEFv1___m1b.15180.m1	OG0002542	Goniastrea_aspera_REEFv1	NA	NA	NA	NA	NA	NA	NA	NA	NA	NA
Goniastrea_aspera_REEFv1___m1b.15220.m1	OG0002542	Goniastrea_aspera_REEFv1	NA	NA	NA	NA	NA	MAE29922_1	0.00000037	60.5	2026780	hypothetical protein [Planctomycetes bacterium]
Goniastrea_aspera_REEFv1___m1b.15221.m1	OG0002542	Goniastrea_aspera_REEFv1	NA	NA	NA	NA	NA	NA	NA	NA	NA	NA
Goniastrea_aspera_REEFv1___m1b.2923.m1	OG0002542	Goniastrea_aspera_REEFv1	NA	NA	NA	NA	NA	NA	NA	NA	NA	NA
Gorgonia_ventalina_LRPRv1___GV_45875.p1	OG0002542	Gorgonia_ventalina_LRPRv1	NA	NA	NA	NA	NA	NA	NA	NA	NA	NA
Gorgonia_ventalina_LRPRv1___GV_64684.p1	OG0002542	Gorgonia_ventalina_LRPRv1	NA	NA	NA	NA	NA	NA	NA	NA	NA	NA
Madracis_auretenra_REEFv1___3334	OG0002542	Madracis_auretenra_REEFv1	NA	NA	NA	NA	NA	NA	NA	NA	NA	NA
Madracis_auretenra_REEFv1___47318	OG0002542	Madracis_auretenra_REEFv1	NA	NA	NA	NA	NA	NA	NA	NA	NA	NA
Madracis_auretenra_REEFv1___8612	OG0002542	Madracis_auretenra_REEFv1	NA	NA	NA	NA	NA	NA	NA	NA	NA	NA
Madracis_auretenra_REEFv1___9078	OG0002542	Madracis_auretenra_REEFv1	NA	NA	NA	NA	NA	NA	NA	NA	NA	NA
Montastraea_cavernosa_REEFv1___107805	OG0002542	Montastraea_cavernosa_REEFv1	NA	NA	NA	NA	NA	NA	NA	NA	NA	NA
Montastraea_cavernosa_REEFv1___114756	OG0002542	Montastraea_cavernosa_REEFv1	NA	NA	NA	NA	NA	NA	NA	NA	NA	NA
Montastraea_cavernosa_REEFv1___24255	OG0002542	Montastraea_cavernosa_REEFv1	NA	NA	NA	NA	NA	NA	NA	NA	NA	NA
Montastraea_cavernosa_REEFv1___32537	OG0002542	Montastraea_cavernosa_REEFv1	NA	NA	NA	NA	NA	NA	NA	NA	NA	NA
Montastraea_cavernosa_REEFv1___92190	OG0002542	Montastraea_cavernosa_REEFv1	NA	NA	NA	NA	NA	NA	NA	NA	NA	NA
Montastrea_cavernosa_FGUSv2___05278-RA	OG0002542	Montastrea_cavernosa_FGUSv2	NA	NA	NA	NA	NA	MAE29922_1	0.00000027	60.8	2026780	hypothetical protein [Planctomycetes bacterium]
Montastrea_cavernosa_FGUSv2___15226-RA	OG0002542	Montastrea_cavernosa_FGUSv2	NA	NA	NA	NA	NA	NA	NA	NA	NA	NA
Montipora_cactus_SLJPv2___sc0000034.g0022.t1	OG0002542	Montipora_cactus_SLJPv2	NA	NA	NA	NA	NA	MAE29922_1	0.00000723	57	2026780	hypothetical protein [Planctomycetes bacterium]
Montipora_cactus_SLJPv2___sc0000092.g0012.t1	OG0002542	Montipora_cactus_SLJPv2	NA	NA	NA	NA	NA	NA	NA	NA	NA	NA
Montipora_cactus_SLJPv2___sc0000092.g0013.t1	OG0002542	Montipora_cactus_SLJPv2	NA	NA	NA	NA	NA	NA	NA	NA	NA	NA
Montipora_capitata_KBHIv3___RNAseq.g20154.t1	OG0002542	Montipora_capitata_KBHIv3	NA	NA	NA	NA	NA	WP_238179773_1	0.00000402	57.8	944322	hypothetical protein [Methylobacterium oxalidis]
Montipora_capitata_WTHIv1.1___g16774.t1	OG0002542	Montipora_capitata_WTHIv1.1	NA	NA	NA	NA	NA	MAE29922_1	0.00000388	57.8	2026780	hypothetical protein [Planctomycetes bacterium]
Montipora_efflorescens_SLJPv2___sc0000002.g0193.t1	OG0002542	Montipora_efflorescens_SLJPv2	NA	NA	NA	NA	NA	WP_238179773_1	0.00000207	58.2	944322	hypothetical protein [Methylobacterium oxalidis]
Montipora_efflorescens_SLJPv2___sc0000115.g0012.t1	OG0002542	Montipora_efflorescens_SLJPv2	NA	NA	NA	NA	NA	NA	NA	NA	NA	NA
Nematostella_vectensis_RRUSv1___NVEC200_001676_1.1	OG0002542	Nematostella_vectensis_RRUSv1	NA	NA	NA	NA	NA	NA	NA	NA	NA	NA
Orbicella_faveolata_NAPAv1___XP_020615475.1	OG0002542	Orbicella_faveolata_NAPAv1	NA	NA	NA	NA	NA	NA	NA	NA	NA	NA
Orbicella_faveolata_NAPAv1___XP_020616109.1	OG0002542	Orbicella_faveolata_NAPAv1	NA	NA	NA	NA	NA	NA	NA	NA	NA	NA
Orbicella_faveolata_NAPAv1___XP_020616166.1	OG0002542	Orbicella_faveolata_NAPAv1	NA	NA	NA	NA	NA	MAE29922_1	0.00000444	57.4	2026780	hypothetical protein [Planctomycetes bacterium]
Orbicella_faveolata_NAPAv1___XP_020617003.1	OG0002542	Orbicella_faveolata_NAPAv1	NA	NA	NA	NA	NA	NA	NA	NA	NA	NA
Orbicella_faveolata_NAPAv1___XP_020617007.1	OG0002542	Orbicella_faveolata_NAPAv1	NA	NA	NA	NA	NA	NA	NA	NA	NA	NA
Orbicella_faveolata_NAPAv1___XP_020617008.1	OG0002542	Orbicella_faveolata_NAPAv1	NA	NA	NA	NA	NA	NA	NA	NA	NA	NA
Pachyseris_speciosa_OIAUv0.12___0.1.m1.9852.m1	OG0002542	Pachyseris_speciosa_OIAUv0.12	NA	NA	NA	NA	NA	NA	NA	NA	NA	NA
Palythoa_variabilis_PCBRv1___GCVI01015371.1.p1	OG0002542	Palythoa_variabilis_PCBRv1	NA	NA	NA	NA	NA	NA	NA	NA	NA	NA
Palythoa_variabilis_PCBRv1___GCVI01104271.1.p1	OG0002542	Palythoa_variabilis_PCBRv1	NA	NA	NA	NA	NA	NA	NA	NA	NA	NA
Paramuricea_clavata_CTESv1___015447P1	OG0002542	Paramuricea_clavata_CTESv1	NA	NA	NA	NA	NA	NA	NA	NA	NA	NA
Paramuricea_clavata_CTESv1___061853P1	OG0002542	Paramuricea_clavata_CTESv1	NA	NA	NA	NA	NA	NA	NA	NA	NA	NA
Paramuricea_clavata_CTESv1___064833P1	OG0002542	Paramuricea_clavata_CTESv1	NA	NA	NA	NA	NA	NA	NA	NA	NA	NA
Platygyra_sinensis_SDTHv1___evm.model.contig_18192.10	OG0002542	Platygyra_sinensis_SDTHv1	NA	NA	NA	NA	NA	NA	NA	NA	NA	NA
Platygyra_sinensis_SDTHv1___evm.model.contig_24902.8	OG0002542	Platygyra_sinensis_SDTHv1	NA	NA	NA	NA	NA	NA	NA	NA	NA	NA
Platygyra_sinensis_SDTHv1___evm.model.contig_52620.10	OG0002542	Platygyra_sinensis_SDTHv1	NA	NA	NA	NA	NA	NA	NA	NA	NA	NA
Platygyra_sinensis_SDTHv1___evm.model.contig_52620.6	OG0002542	Platygyra_sinensis_SDTHv1	NA	NA	NA	NA	NA	NA	NA	NA	NA	NA
Platygyra_sinensis_SDTHv1___evm.model.contig_52620.7	OG0002542	Platygyra_sinensis_SDTHv1	NA	NA	NA	NA	NA	NA	NA	NA	NA	NA
Platygyra_sinensis_SDTHv1___evm.model.contig_52620.9	OG0002542	Platygyra_sinensis_SDTHv1	NA	NA	NA	NA	NA	NA	NA	NA	NA	NA
Platygyra_sinensis_SDTHv1___evm.model.contig_77763.1	OG0002542	Platygyra_sinensis_SDTHv1	NA	NA	NA	NA	NA	NA	NA	NA	NA	NA
Platygyra_sinensis_SDTHv1___evm.model.contig_77764.1	OG0002542	Platygyra_sinensis_SDTHv1	NA	NA	NA	NA	NA	NA	NA	NA	NA	NA
Platygyra_sinensis_SDTHv1___evm.model.contig_77764.2	OG0002542	Platygyra_sinensis_SDTHv1	NA	NA	NA	NA	NA	NA	NA	NA	NA	NA
Platygyra_sinensis_SDTHv1___evm.model.contig_77764.4	OG0002542	Platygyra_sinensis_SDTHv1	NA	NA	NA	NA	NA	NA	NA	NA	NA	NA
Platygyra_sinensis_SDTHv1___evm.model.contig_82510.1	OG0002542	Platygyra_sinensis_SDTHv1	NA	NA	NA	NA	NA	NA	NA	NA	NA	NA
Platygyra_sinensis_SDTHv1___evm.model.contig_82510.2	OG0002542	Platygyra_sinensis_SDTHv1	NA	NA	NA	NA	NA	NA	NA	NA	NA	NA
Platygyra_sinensis_SDTHv1___evm.model.contig_91927.2	OG0002542	Platygyra_sinensis_SDTHv1	NA	NA	NA	NA	NA	NA	NA	NA	NA	NA
Plexaura_homomalla_PRUSv1___TR14568_c0_g1_i1.p1	OG0002542	Plexaura_homomalla_PRUSv1	NA	NA	NA	NA	NA	NA	NA	NA	NA	NA
Pocillopora_acuta_KBHIv2___RNAseq.g11327.t1c	OG0002542	Pocillopora_acuta_KBHIv2	NA	NA	NA	NA	NA	MAE29922_1	0.00000132	58.9	2026780	hypothetical protein [Planctomycetes bacterium]
Pocillopora_acuta_KBHIv2___RNAseq.g28397.t1	OG0002542	Pocillopora_acuta_KBHIv2	NA	NA	NA	NA	NA	NA	NA	NA	NA	NA
Pocillopora_acuta_KBHIv2___RNAseq.g30672.t2b	OG0002542	Pocillopora_acuta_KBHIv2	NA	NA	NA	NA	NA	NA	NA	NA	NA	NA
Pocillopora_acuta_KBHIv2___RNAseq.g30673.t1	OG0002542	Pocillopora_acuta_KBHIv2	NA	NA	NA	NA	NA	NA	NA	NA	NA	NA
Pocillopora_acuta_KBHIv2___RNAseq.g30674.t1	OG0002542	Pocillopora_acuta_KBHIv2	NA	NA	NA	NA	NA	NA	NA	NA	NA	NA
Pocillopora_acuta_KBHIv2___RNAseq.g4208.t1	OG0002542	Pocillopora_acuta_KBHIv2	NA	NA	NA	NA	NA	NA	NA	NA	NA	NA
Pocillopora_acuta_KBHIv2___TS.g18900.t1	OG0002542	Pocillopora_acuta_KBHIv2	NA	NA	NA	NA	NA	NA	NA	NA	NA	NA
Pocillopora_acuta_LBIDv1___TCONS_00000765.p2	OG0002542	Pocillopora_acuta_LBIDv1	NA	NA	NA	NA	NA	NA	NA	NA	NA	NA
Pocillopora_acuta_LBIDv1___TCONS_00003627.p1	OG0002542	Pocillopora_acuta_LBIDv1	NA	NA	NA	NA	NA	MAE29922_1	0.000000249	60.8	2026780	hypothetical protein [Planctomycetes bacterium]
Pocillopora_acuta_LBIDv1___TCONS_00018790.p1	OG0002542	Pocillopora_acuta_LBIDv1	NA	NA	NA	NA	NA	NA	NA	NA	NA	NA
Pocillopora_acuta_LBIDv1___TCONS_00025028.p1	OG0002542	Pocillopora_acuta_LBIDv1	NA	NA	NA	NA	NA	NA	NA	NA	NA	NA
Pocillopora_acuta_LBIDv1___TCONS_00043676.p1	OG0002542	Pocillopora_acuta_LBIDv1	NA	NA	NA	NA	NA	NA	NA	NA	NA	NA
Pocillopora_cf_effusa_NAPFv3___00003279	OG0002542	Pocillopora_cf_effusa_NAPFv3	NA	NA	NA	NA	NA	MAE29922_1	0.00000763	58.5	2026780	hypothetical protein [Planctomycetes bacterium]
Pocillopora_cf_effusa_NAPFv3___00006635	OG0002542	Pocillopora_cf_effusa_NAPFv3	NA	NA	NA	NA	NA	NA	NA	NA	NA	NA
Pocillopora_cf_effusa_NAPFv3___00016179	OG0002542	Pocillopora_cf_effusa_NAPFv3	NA	NA	NA	NA	NA	NA	NA	NA	NA	NA
Pocillopora_cf_effusa_NAPFv3___00021157	OG0002542	Pocillopora_cf_effusa_NAPFv3	NA	NA	NA	NA	NA	MAE29922_1	0.00000166	58.5	2026780	hypothetical protein [Planctomycetes bacterium]
Pocillopora_cf_effusa_NAPFv3___00035356	OG0002542	Pocillopora_cf_effusa_NAPFv3	NA	NA	NA	NA	NA	NA	NA	NA	NA	NA
Pocillopora_damicornis_SIPAv1___00003329-RA	OG0002542	Pocillopora_damicornis_SIPAv1	NA	NA	NA	NA	NA	NA	NA	NA	NA	NA
Pocillopora_damicornis_SIPAv1___00009287-RA	OG0002542	Pocillopora_damicornis_SIPAv1	NA	NA	NA	NA	NA	NA	NA	NA	NA	NA
Pocillopora_damicornis_SIPAv1___00014509-RA	OG0002542	Pocillopora_damicornis_SIPAv1	NA	NA	NA	NA	NA	NA	NA	NA	NA	NA
Pocillopora_damicornis_SIPAv1___00022236-RA	OG0002542	Pocillopora_damicornis_SIPAv1	NA	NA	NA	NA	NA	MAE29922_1	0.00000621	58.2	2026780	hypothetical protein [Planctomycetes bacterium]
Pocillopora_damicornis_XSCSv1___transcript_HQ_P2_transcript18698_f3p0_1326_m.737	OG0002542	Pocillopora_damicornis_XSCSv1	NA	NA	NA	NA	NA	NA	NA	NA	NA	NA
Pocillopora_meandrina_KBHIv1___RNAseq.g13416.t1	OG0002542	Pocillopora_meandrina_KBHIv1	NA	NA	NA	NA	NA	NA	NA	NA	NA	NA
Pocillopora_meandrina_KBHIv1___RNAseq.g13418.t1	OG0002542	Pocillopora_meandrina_KBHIv1	NA	NA	NA	NA	NA	NA	NA	NA	NA	NA
Pocillopora_meandrina_KBHIv1___RNAseq.g2533.t1c	OG0002542	Pocillopora_meandrina_KBHIv1	NA	NA	NA	NA	NA	NA	NA	NA	NA	NA
Pocillopora_meandrina_KBHIv1___RNAseq.g29172.t1	OG0002542	Pocillopora_meandrina_KBHIv1	NA	NA	NA	NA	NA	NA	NA	NA	NA	NA
Pocillopora_meandrina_KBHIv1___TS.g21520.t1	OG0002542	Pocillopora_meandrina_KBHIv1	NA	NA	NA	NA	NA	NA	NA	NA	NA	NA
Pocillopora_meandrina_KBHIv1___TS.g2412.t1	OG0002542	Pocillopora_meandrina_KBHIv1	NA	NA	NA	NA	NA	NA	NA	NA	NA	NA
Pocillopora_meandrina_KBHIv1___TS.g2612.t1	OG0002542	Pocillopora_meandrina_KBHIv1	NA	NA	NA	NA	NA	NA	NA	NA	NA	NA
Pocillopora_meandrina_KBHIv1___TS.g7631.t1	OG0002542	Pocillopora_meandrina_KBHIv1	NA	NA	NA	NA	NA	NA	NA	NA	NA	NA
Pocillopora_verrucosa_RSSAv1___g10549.t1	OG0002542	Pocillopora_verrucosa_RSSAv1	NA	NA	NA	NA	NA	NA	NA	NA	NA	NA
Pocillopora_verrucosa_RSSAv1___g9273.t1	OG0002542	Pocillopora_verrucosa_RSSAv1	NA	NA	NA	NA	NA	NA	NA	NA	NA	NA
Pocillopora_verrucosa_RSSAv1___novel_model_466_5de57afd	OG0002542	Pocillopora_verrucosa_RSSAv1	NA	NA	NA	NA	NA	NA	NA	NA	NA	NA
Pocillopora_verrucosa_XSCSv1___transcript_HQ_E1_1_transcript11888_f3p0_1797_m.303	OG0002542	Pocillopora_verrucosa_XSCSv1	NA	NA	NA	NA	NA	NA	NA	NA	NA	NA
Pocillopora_verrucosa_XSCSv1___transcript_HQ_E1_1_transcript15320_f2p0_1556_m.1234	OG0002542	Pocillopora_verrucosa_XSCSv1	NA	NA	NA	NA	NA	NA	NA	NA	NA	NA
Porites_astreoides_BBBMv1___29428-RA	OG0002542	Porites_astreoides_BBBMv1	NA	NA	NA	NA	NA	NA	NA	NA	NA	NA
Porites_australiensis_SLJPv1___s0020.g81.t1	OG0002542	Porites_australiensis_SLJPv1	NA	NA	NA	NA	NA	NA	NA	NA	NA	NA
Porites_australiensis_SLJPv1___s0067.g39.t1	OG0002542	Porites_australiensis_SLJPv1	NA	NA	NA	NA	NA	NA	NA	NA	NA	NA
Porites_australiensis_SLJPv1___s0112.g10.t1	OG0002542	Porites_australiensis_SLJPv1	NA	NA	NA	NA	NA	NA	NA	NA	NA	NA
Porites_australiensis_SLJPv1___s0122.g43.t1	OG0002542	Porites_australiensis_SLJPv1	NA	NA	NA	NA	NA	NA	NA	NA	NA	NA
Porites_australiensis_SLJPv1___s2429.g2.t1	OG0002542	Porites_australiensis_SLJPv1	NA	NA	NA	NA	NA	MAE29922_1	0.00000262	58.2	2026780	hypothetical protein [Planctomycetes bacterium]
Porites_australiensis_SLJPv1___s3170.g1.t1	OG0002542	Porites_australiensis_SLJPv1	NA	NA	NA	NA	NA	NA	NA	NA	NA	NA
Porites_compressa_KBHIv1___RNAseq.g14848.t1	OG0002542	Porites_compressa_KBHIv1	NA	NA	NA	NA	NA	NA	NA	NA	NA	NA
Porites_compressa_KBHIv1___RNAseq.g805.t1	OG0002542	Porites_compressa_KBHIv1	NA	NA	NA	NA	NA	NA	NA	NA	NA	NA
Porites_compressa_KBHIv1___TS.g10182.t1	OG0002542	Porites_compressa_KBHIv1	NA	NA	NA	NA	NA	NA	NA	NA	NA	NA
Porites_compressa_KBHIv1___TS.g34095.t1	OG0002542	Porites_compressa_KBHIv1	NA	NA	NA	NA	NA	PKO49462_1	0.00000733	56.6	2013716	hypothetical protein CVU31_00505 [Betaproteobacteria bacterium HGW-Betaproteobacteria-4]
Porites_evermanni_NAPFv1___00015280	OG0002542	Porites_evermanni_NAPFv1	NA	NA	NA	NA	NA	WP_017462174_1	0.00000982	56.6	363848	hypothetical protein [Dyella ginsengisoli]
Porites_evermanni_NAPFv1___00027066	OG0002542	Porites_evermanni_NAPFv1	NA	NA	NA	NA	NA	NA	NA	NA	NA	NA
Porites_evermanni_NAPFv1___00027067	OG0002542	Porites_evermanni_NAPFv1	NA	NA	NA	NA	NA	NA	NA	NA	NA	NA
Porites_evermanni_NAPFv1___00033584	OG0002542	Porites_evermanni_NAPFv1	NA	NA	NA	NA	NA	NA	NA	NA	NA	NA
Porites_evermanni_NAPFv1___00037677	OG0002542	Porites_evermanni_NAPFv1	NA	NA	NA	NA	NA	NA	NA	NA	NA	NA
Porites_evermanni_NAPFv1___00038291	OG0002542	Porites_evermanni_NAPFv1	NA	NA	NA	NA	NA	NA	NA	NA	NA	NA
Porites_lobata_NAPFv3___00025206	OG0002542	Porites_lobata_NAPFv3	NA	NA	NA	NA	NA	NA	NA	NA	NA	NA
Porites_lobata_NAPFv3___00034831	OG0002542	Porites_lobata_NAPFv3	NA	NA	NA	NA	NA	NA	NA	NA	NA	NA
Porites_lobata_NAPFv3___00039400	OG0002542	Porites_lobata_NAPFv3	NA	NA	NA	NA	NA	MAE29922_1	0.00000191	58.5	2026780	hypothetical protein [Planctomycetes bacterium]
Porites_lobata_NAPFv3___00039402	OG0002542	Porites_lobata_NAPFv3	NA	NA	NA	NA	NA	NA	NA	NA	NA	NA
Porites_lobata_NAPFv3___00046177	OG0002542	Porites_lobata_NAPFv3	NA	NA	NA	NA	NA	PKO49462_1	0.00000172	58.2	2013716	hypothetical protein CVU31_00505 [Betaproteobacteria bacterium HGW-Betaproteobacteria-4]
Porites_lobata_REEFv1___11348	OG0002542	Porites_lobata_REEFv1	NA	NA	NA	NA	NA	NA	NA	NA	NA	NA
Porites_lobata_REEFv1___19446	OG0002542	Porites_lobata_REEFv1	NA	NA	NA	NA	NA	NA	NA	NA	NA	NA
Porites_lutea_OIAUv1.1___m8.398.m1	OG0002542	Porites_lutea_OIAUv1.1	NA	NA	NA	NA	NA	NA	NA	NA	NA	NA
Porites_lutea_OIAUv1.1___m8.9935.m1	OG0002542	Porites_lutea_OIAUv1.1	NA	NA	NA	NA	NA	NA	NA	NA	NA	NA
Porites_rus_NAIDv1___30175_t	OG0002542	Porites_rus_NAIDv1	NA	NA	NA	NA	NA	NA	NA	NA	NA	NA
Porites_rus_NAIDv1___7385_t	OG0002542	Porites_rus_NAIDv1	NA	NA	NA	NA	NA	NA	NA	NA	NA	NA
Pseudodiploria_strigosa_REEFv1___30827	OG0002542	Pseudodiploria_strigosa_REEFv1	NA	NA	NA	NA	NA	NA	NA	NA	NA	NA
Renilla_muelleri_FLUSv1___g2606.t1	OG0002542	Renilla_muelleri_FLUSv1	NA	NA	NA	NA	NA	NA	NA	NA	NA	NA
Rhodactis_indosinensis_NATWv1___GELO01037923.1.p1	OG0002542	Rhodactis_indosinensis_NATWv1	NA	NA	NA	NA	NA	NA	NA	NA	NA	NA
Rhodactis_indosinensis_NATWv1___GELO01052493.1.p1	OG0002542	Rhodactis_indosinensis_NATWv1	NA	NA	NA	NA	NA	NA	NA	NA	NA	NA
Ricordea_yuma_NAAUv1___GELN01032616.1.p1	OG0002542	Ricordea_yuma_NAAUv1	NA	NA	NA	NA	NA	NA	NA	NA	NA	NA
Ricordea_yuma_NAAUv1___GELN01034324.1.p1	OG0002542	Ricordea_yuma_NAAUv1	NA	NA	NA	NA	NA	NA	NA	NA	NA	NA
Ricordea_yuma_NAAUv1___GELN01038760.1.p1	OG0002542	Ricordea_yuma_NAAUv1	NA	NA	NA	NA	NA	NA	NA	NA	NA	NA
Scolanthus_callimorphus_CRFRv1___50153.1	OG0002542	Scolanthus_callimorphus_CRFRv1	NA	NA	NA	NA	NA	NA	NA	NA	NA	NA
Seriatopora_hystrix_REEFv1___71295	OG0002542	Seriatopora_hystrix_REEFv1	NA	NA	NA	NA	NA	NA	NA	NA	NA	NA
Stylophora_pistillata_GAJOv1___24999	OG0002542	Stylophora_pistillata_GAJOv1	NA	NA	NA	NA	NA	NA	NA	NA	NA	NA
Stylophora_pistillata_GAJOv1___8592	OG0002542	Stylophora_pistillata_GAJOv1	NA	NA	NA	NA	NA	MAE29922_1	0.000009	57	2026780	hypothetical protein [Planctomycetes bacterium]
Velella_velella_OKJPv1___GHAZ01007402.1.p1	OG0002542	Velella_velella_OKJPv1	NA	NA	NA	NA	NA	XP_014151433_1	0.0000000171	61.6	667725	hypothetical protein SARC_10005 [Sphaeroforma arctica JP610]
Xenia_sp_CTEAv1___Xe_012810-T1	OG0002542	Xenia_sp_CTEAv1	NA	NA	NA	NA	NA	NA	NA	NA	NA	NA
Acropora_acuminata_SLJPv1___s0001.g66.t1	OG0008505	Acropora_acuminata_SLJPv1	NA	NA	NA	NA	NA	NA	NA	NA	NA	NA
Acropora_awi_SLJPv1___s0003.g127.t1	OG0008505	Acropora_awi_SLJPv1	NA	NA	NA	NA	NA	NA	NA	NA	NA	NA
Acropora_cytherea_SLJPv1___s0022.g23.t1	OG0008505	Acropora_cytherea_SLJPv1	NA	NA	NA	NA	NA	NA	NA	NA	NA	NA
Acropora_digitifera_SLJPv2___s0028.g208.t1	OG0008505	Acropora_digitifera_SLJPv2	NA	NA	NA	NA	NA	NA	NA	NA	NA	NA
Acropora_echinata_SLJPv1___s0084.g91.t1	OG0008505	Acropora_echinata_SLJPv1	NA	NA	NA	NA	NA	NA	NA	NA	NA	NA
Acropora_florida_SLJPv1___s0129.g41.t1	OG0008505	Acropora_florida_SLJPv1	NA	NA	NA	NA	NA	NA	NA	NA	NA	NA
Acropora_gemmifera_SLJPv1___s0124.g18.t1	OG0008505	Acropora_gemmifera_SLJPv1	NA	NA	NA	NA	NA	NA	NA	NA	NA	NA
Acropora_hyacinthus_NANAv1___isotig13443	OG0008505	Acropora_hyacinthus_NANAv1	NA	NA	NA	NA	NA	NA	NA	NA	NA	NA
Acropora_hyacinthus_SLJPv1___s0044.g41.t1	OG0008505	Acropora_hyacinthus_SLJPv1	NA	NA	NA	NA	NA	NA	NA	NA	NA	NA
Acropora_intermedia_SLJPv1___s0619.g6.t1	OG0008505	Acropora_intermedia_SLJPv1	NA	NA	NA	NA	NA	NA	NA	NA	NA	NA
Acropora_microphthalma_SLJPv1___s0067.g57.t1	OG0008505	Acropora_microphthalma_SLJPv1	NA	NA	NA	NA	NA	NA	NA	NA	NA	NA
Acropora_millepora_JSIDv2.1___XP_044173070.1	OG0008505	Acropora_millepora_JSIDv2.1	NA	NA	NA	NA	NA	NA	NA	NA	NA	NA
Acropora_muricata_SLJPv1___s0086.g16.t1	OG0008505	Acropora_muricata_SLJPv1	NA	NA	NA	NA	NA	NA	NA	NA	NA	NA
Acropora_muricata_XSCSv1___transcript_HQ_E2_1_transcript20049_f2p0_1390_m.327	OG0008505	Acropora_muricata_XSCSv1	NA	NA	NA	NA	NA	NA	NA	NA	NA	NA
Acropora_muricata_XSCSv1___transcript_HQ_E2_1_transcript20774_f2p0_1356_m.917	OG0008505	Acropora_muricata_XSCSv1	NA	NA	NA	NA	NA	NA	NA	NA	NA	NA
Acropora_nasuta_SLJPv1___s0004.g160.t1	OG0008505	Acropora_nasuta_SLJPv1	NA	NA	NA	NA	NA	NA	NA	NA	NA	NA
Acropora_tenuis_SLJPv1___s0083.g60.t1	OG0008505	Acropora_tenuis_SLJPv1	NA	NA	NA	NA	NA	NA	NA	NA	NA	NA
Acropora_yongei_SLJPv1___s0034.g85.t1	OG0008505	Acropora_yongei_SLJPv1	NA	NA	NA	NA	NA	NA	NA	NA	NA	NA
Actinia_equina_RHUKv1___evm.utg27.70	OG0008505	Actinia_equina_RHUKv1	NA	NA	NA	NA	NA	NA	NA	NA	NA	NA
Actinia_equina_RHUKv1___evm.utg992.45	OG0008505	Actinia_equina_RHUKv1	NA	NA	NA	NA	NA	NA	NA	NA	NA	NA
Alatina_alata_BNNLv1-TRANS___66032	OG0008505	Alatina_alata_BNNLv1-TRANS	NA	NA	NA	NA	NA	NA	NA	NA	NA	NA
Anthopleura_elegantissima_REEFv1___39288	OG0008505	Anthopleura_elegantissima_REEFv1	NA	NA	NA	NA	NA	NA	NA	NA	NA	NA
Astreopora_sp_REEFv1___18939	OG0008505	Astreopora_sp_REEFv1	NA	NA	NA	NA	NA	NA	NA	NA	NA	NA
Aurelia_aurita_ALTOv1___scaffold268.g17.t1	OG0008505	Aurelia_aurita_ALTOv1	NA	NA	NA	NA	NA	NA	NA	NA	NA	NA
Aurelia_aurita_RSPOv1___scaffold575.g8.t1	OG0008505	Aurelia_aurita_RSPOv1	NA	NA	NA	NA	NA	NA	NA	NA	NA	NA
Calvadosia_cruxmelitensis_CRGBv3.2___g1678.t1	OG0008505	Calvadosia_cruxmelitensis_CRGBv3.2	NA	NA	NA	NA	NA	NA	NA	NA	NA	NA
Calvadosia_cruxmelitensis_NANAv1___HAHC01037321.1.p1	OG0008505	Calvadosia_cruxmelitensis_NANAv1	NA	NA	NA	NA	NA	NA	NA	NA	NA	NA
Cassiopea_xamachana_T1-Av2___g24334.t1	OG0008505	Cassiopea_xamachana_T1-Av2	NA	NA	NA	NA	NA	NA	NA	NA	NA	NA
Clytia_hemispaerica_NANAv1___TCONS_00029294	OG0008505	Clytia_hemispaerica_NANAv1	NA	NA	NA	NA	NA	NA	NA	NA	NA	NA
Clytia_hemispaerica_NANAv1___TCONS_00029295	OG0008505	Clytia_hemispaerica_NANAv1	NA	NA	NA	NA	NA	NA	NA	NA	NA	NA
Corallium_rubrum_MRFRv1___Contig_30164.p1	OG0008505	Corallium_rubrum_MRFRv1	NA	NA	NA	NA	NA	CAG5135948_1	0.00000584	60.1	100452	unnamed protein product [Candidula unifasciata]
Craterolophus_convolvulus_RYUSv1___HAGZ01001751.1.p1	OG0008505	Craterolophus_convolvulus_RYUSv1	NA	NA	NA	NA	NA	NA	NA	NA	NA	NA
Ctenactis_echinata_NAJPv1___GDZV01000528.1.p1	OG0008505	Ctenactis_echinata_NAJPv1	NA	NA	NA	NA	NA	NA	NA	NA	NA	NA
Dendronephthya_gigantea_SJKRv1___XP_028409165.1	OG0008505	Dendronephthya_gigantea_SJKRv1	NA	NA	NA	NA	NA	NA	NA	NA	NA	NA
Dipsastraea_lizardensis_NAJPv1___GDZU01023042.1.p1	OG0008505	Dipsastraea_lizardensis_NAJPv1	NA	NA	NA	NA	NA	NA	NA	NA	NA	NA
Dynamena_pumila_WSRUv1___GHMC01013983.1.p1	OG0008505	Dynamena_pumila_WSRUv1	NA	NA	NA	NA	NA	NA	NA	NA	NA	NA
Favia_sp_REEFv1___46152	OG0008505	Favia_sp_REEFv1	NA	NA	NA	NA	NA	NA	NA	NA	NA	NA
Fungia_scutaria_REEFv1___17836	OG0008505	Fungia_scutaria_REEFv1	NA	NA	NA	NA	NA	NA	NA	NA	NA	NA
Fungia_spp_REEFv1___m2b.16632.m1	OG0008505	Fungia_spp_REEFv1	NA	NA	NA	NA	NA	NA	NA	NA	NA	NA
Goniastrea_aspera_REEFv1___m1b.10760.m1	OG0008505	Goniastrea_aspera_REEFv1	NA	NA	NA	NA	NA	NA	NA	NA	NA	NA
Haliclystus_auricula_NANAv1___HAHA01002723.1.p1	OG0008505	Haliclystus_auricula_NANAv1	NA	NA	NA	NA	NA	NA	NA	NA	NA	NA
Haliclystus_sanjuanensis_SJUSv1___HAHB01019095.1.p1	OG0008505	Haliclystus_sanjuanensis_SJUSv1	NA	NA	NA	NA	NA	NA	NA	NA	NA	NA
Haliclystus_sanjuanensis_SJUSv1___HAHB01109872.1.p1	OG0008505	Haliclystus_sanjuanensis_SJUSv1	NA	NA	NA	NA	NA	NA	NA	NA	NA	NA
Hydra_viridissima_99AUv1___scaffold10.g19.t1	OG0008505	Hydra_viridissima_99AUv1	NA	NA	NA	NA	NA	NA	NA	NA	NA	NA
Hydractinia_echinata_NWAOv1___0053.157	OG0008505	Hydractinia_echinata_NWAOv1	NA	NA	NA	NA	NA	NA	NA	NA	NA	NA
Hydractinia_symbiolongicarpus_NEAOv1___0056.15	OG0008505	Hydractinia_symbiolongicarpus_NEAOv1	NA	NA	NA	NA	NA	NA	NA	NA	NA	NA
Lucernaria_quadricornis_AIUSv1___HAHD01102042.1.p1	OG0008505	Lucernaria_quadricornis_AIUSv1	NA	NA	NA	NA	NA	NA	NA	NA	NA	NA
Madracis_auretenra_REEFv1___9437	OG0008505	Madracis_auretenra_REEFv1	NA	NA	NA	NA	NA	NA	NA	NA	NA	NA
Millepora_alcicornis_PRUSv1___GFAS01199694.1.p1	OG0008505	Millepora_alcicornis_PRUSv1	NA	NA	NA	NA	NA	NA	NA	NA	NA	NA
Millepora_complanata_PRUSv1___GFGT01201896.1.p1	OG0008505	Millepora_complanata_PRUSv1	NA	NA	NA	NA	NA	NA	NA	NA	NA	NA
Millepora_sp_RR-2016_PRUSv1___GFGV01071706.1.p1	OG0008505	Millepora_sp_RR-2016_PRUSv1	NA	NA	NA	NA	NA	NA	NA	NA	NA	NA
Millepora_squarrosa_PRUSv1___GFGU01143341.1.p1	OG0008505	Millepora_squarrosa_PRUSv1	NA	NA	NA	NA	NA	NA	NA	NA	NA	NA
Montastraea_cavernosa_REEFv1___54954	OG0008505	Montastraea_cavernosa_REEFv1	NA	NA	NA	NA	NA	NA	NA	NA	NA	NA
Montastrea_cavernosa_FGUSv2___20183-RA	OG0008505	Montastrea_cavernosa_FGUSv2	NA	NA	NA	NA	NA	NA	NA	NA	NA	NA
Montipora_cactus_SLJPv2___sc0000022.g0087.t1	OG0008505	Montipora_cactus_SLJPv2	NA	NA	NA	NA	NA	NA	NA	NA	NA	NA
Montipora_capitata_KBHIv3___RNAseq.g19735.t1	OG0008505	Montipora_capitata_KBHIv3	NA	NA	NA	NA	NA	NA	NA	NA	NA	NA
Montipora_capitata_WTHIv1.1___g10787.t1	OG0008505	Montipora_capitata_WTHIv1.1	NA	NA	NA	NA	NA	NA	NA	NA	NA	NA
Montipora_efflorescens_SLJPv2___sc0000269.g0035.t1	OG0008505	Montipora_efflorescens_SLJPv2	NA	NA	NA	NA	NA	NA	NA	NA	NA	NA
Morbakka_virulenta_ODJPv1___scaffold201.g19.t1	OG0008505	Morbakka_virulenta_ODJPv1	NA	NA	NA	NA	NA	NA	NA	NA	NA	NA
Nematostella_vectensis_RRUSv1___NVEC200_014749_1.1	OG0008505	Nematostella_vectensis_RRUSv1	NA	NA	NA	NA	NA	RWS12612_1	0.00000644	58.9	1965070	uncharacterized protein B4U79_07862 [Dinothrombium tinctorium]
Orbicella_faveolata_NAPAv1___XP_020619305.1	OG0008505	Orbicella_faveolata_NAPAv1	NA	NA	NA	NA	NA	NA	NA	NA	NA	NA
Paramuricea_clavata_CTESv1___057446P1	OG0008505	Paramuricea_clavata_CTESv1	NA	NA	NA	NA	NA	NA	NA	NA	NA	NA
Platygyra_carnosus_REEFv1___19679	OG0008505	Platygyra_carnosus_REEFv1	NA	NA	NA	NA	NA	NA	NA	NA	NA	NA
Platygyra_sinensis_SDTHv1___evm.model.contig_19118.12	OG0008505	Platygyra_sinensis_SDTHv1	NA	NA	NA	NA	NA	NA	NA	NA	NA	NA
Plexaura_homomalla_PRUSv1___TR21162_c0_g1_i1.p1	OG0008505	Plexaura_homomalla_PRUSv1	NA	NA	NA	NA	NA	NA	NA	NA	NA	NA
Plexaura_kukenthali_PRUSv1___TR931_c0_g1_i1.p1	OG0008505	Plexaura_kukenthali_PRUSv1	NA	NA	NA	NA	NA	NA	NA	NA	NA	NA
Pocillopora_acuta_KBHIv2___TS.g11078.t1	OG0008505	Pocillopora_acuta_KBHIv2	NA	NA	NA	NA	NA	NA	NA	NA	NA	NA
Pocillopora_acuta_LBIDv1___TCONS_00022803.p1	OG0008505	Pocillopora_acuta_LBIDv1	NA	NA	NA	NA	NA	NA	NA	NA	NA	NA
Pocillopora_cf_effusa_NAPFv3___00034655	OG0008505	Pocillopora_cf_effusa_NAPFv3	NA	NA	NA	NA	NA	NA	NA	NA	NA	NA
Pocillopora_damicornis_SIPAv1___00002785-RA	OG0008505	Pocillopora_damicornis_SIPAv1	NA	NA	NA	NA	NA	NA	NA	NA	NA	NA
Pocillopora_meandrina_KBHIv1___RNAseq.g29290.t1	OG0008505	Pocillopora_meandrina_KBHIv1	NA	NA	NA	NA	NA	NA	NA	NA	NA	NA
Pocillopora_verrucosa_XSCSv1___transcript_HQ_E1_1_transcript14127_f2p0_1616_m.367	OG0008505	Pocillopora_verrucosa_XSCSv1	NA	NA	NA	NA	NA	NA	NA	NA	NA	NA
Podocoryna_carnea_NANAv1___GBEH01122835.1.p1	OG0008505	Podocoryna_carnea_NANAv1	NA	NA	NA	NA	NA	NA	NA	NA	NA	NA
Podocoryna_carnea_NANAv1___GBEH01177377.1.p1	OG0008505	Podocoryna_carnea_NANAv1	NA	NA	NA	NA	NA	NA	NA	NA	NA	NA
Polypodium_hydriforme_OKUSv1___GBGH01005812.1.p1	OG0008505	Polypodium_hydriforme_OKUSv1	NA	NA	NA	NA	NA	NA	NA	NA	NA	NA
Polypodium_hydriforme_OKUSv1___GBGH01006477.1.p1	OG0008505	Polypodium_hydriforme_OKUSv1	NA	NA	NA	NA	NA	NA	NA	NA	NA	NA
Porites_astreoides_BBBMv1___46043-RA	OG0008505	Porites_astreoides_BBBMv1	NA	NA	NA	NA	NA	NA	NA	NA	NA	NA
Porites_australiensis_SLJPv1___s0600.g10.t1	OG0008505	Porites_australiensis_SLJPv1	NA	NA	NA	NA	NA	NA	NA	NA	NA	NA
Porites_compressa_KBHIv1___RNAseq.g5023.t1	OG0008505	Porites_compressa_KBHIv1	NA	NA	NA	NA	NA	NA	NA	NA	NA	NA
Porites_evermanni_NAPFv1___00025298	OG0008505	Porites_evermanni_NAPFv1	NA	NA	NA	NA	NA	NA	NA	NA	NA	NA
Porites_lobata_NAPFv3___00042420	OG0008505	Porites_lobata_NAPFv3	NA	NA	NA	NA	NA	NA	NA	NA	NA	NA
Porites_lobata_REEFv1___16253	OG0008505	Porites_lobata_REEFv1	NA	NA	NA	NA	NA	NA	NA	NA	NA	NA
Porites_lutea_OIAUv1.1___Sc0000424.9	OG0008505	Porites_lutea_OIAUv1.1	NA	NA	NA	NA	NA	NA	NA	NA	NA	NA
Porites_rus_NAIDv1___3052_t	OG0008505	Porites_rus_NAIDv1	NA	NA	NA	NA	NA	NA	NA	NA	NA	NA
Porpita_porpita_YOJPv1___GHBA01066482.1.p1	OG0008505	Porpita_porpita_YOJPv1	NA	NA	NA	NA	NA	NA	NA	NA	NA	NA
Pseudodiploria_strigosa_REEFv1___11044	OG0008505	Pseudodiploria_strigosa_REEFv1	NA	NA	NA	NA	NA	NA	NA	NA	NA	NA
Renilla_muelleri_FLUSv1___g5456.t1	OG0008505	Renilla_muelleri_FLUSv1	NA	NA	NA	NA	NA	NA	NA	NA	NA	NA
Stylophora_pistillata_GAJOv1___7197	OG0008505	Stylophora_pistillata_GAJOv1	NA	NA	NA	NA	NA	NA	NA	NA	NA	NA
Tripedalia_cystophora_Conant1897_1897v1___GGWE01002026.1.p1	OG0008505	Tripedalia_cystophora_Conant1897_1897v1	NA	NA	NA	NA	NA	NA	NA	NA	NA	NA
Tripedalia_cystophora_Conant1897_1897v1___GGWE01019918.1.p1	OG0008505	Tripedalia_cystophora_Conant1897_1897v1	NA	NA	NA	NA	NA	NA	NA	NA	NA	NA
Tripedalia_cystophora_Conant1897_1897v1___GGWE01024210.1.p1	OG0008505	Tripedalia_cystophora_Conant1897_1897v1	NA	NA	NA	NA	NA	NA	NA	NA	NA	NA
Tripedalia_cystophora_Conant1897_1897v1___GGWE01038847.1.p1	OG0008505	Tripedalia_cystophora_Conant1897_1897v1	NA	NA	NA	NA	NA	NA	NA	NA	NA	NA
Tripedalia_cystophora_Conant1897_1897v1___GGWE01069970.1.p1	OG0008505	Tripedalia_cystophora_Conant1897_1897v1	NA	NA	NA	NA	NA	NA	NA	NA	NA	NA
Turritopsis_sp_SK-2016_TBJPv1___IAAF01053754.1.p1	OG0008505	Turritopsis_sp_SK-2016_TBJPv1	NA	NA	NA	NA	NA	NA	NA	NA	NA	NA
Velella_velella_OKJPv1___GHAZ01120430.1.p1	OG0008505	Velella_velella_OKJPv1	NA	NA	NA	NA	NA	NA	NA	NA	NA	NA
Xenia_sp_CTEAv1___Xe_008375-T1	OG0008505	Xenia_sp_CTEAv1	NA	NA	NA	NA	NA	NA	NA	NA	NA	NA
Acropora_acuminata_SLJPv1___s0203.g38.t1	OG0008955	Acropora_acuminata_SLJPv1	NA	NA	NA	NA	NA	NA	NA	NA	NA	NA
Acropora_awi_SLJPv1___s0110.g63.t1	OG0008955	Acropora_awi_SLJPv1	NA	NA	NA	NA	NA	NA	NA	NA	NA	NA
Acropora_cytherea_SLJPv1___s0074.g29.t1	OG0008955	Acropora_cytherea_SLJPv1	NA	NA	NA	NA	NA	NA	NA	NA	NA	NA
Acropora_digitifera_SLJPv2___s0012.g36.t1	OG0008955	Acropora_digitifera_SLJPv2	NA	NA	NA	NA	NA	NA	NA	NA	NA	NA
Acropora_echinata_SLJPv1___s0005.g62.t1	OG0008955	Acropora_echinata_SLJPv1	NA	NA	NA	NA	NA	NA	NA	NA	NA	NA
Acropora_florida_SLJPv1___s0254.g18.t1	OG0008955	Acropora_florida_SLJPv1	NA	NA	NA	NA	NA	NA	NA	NA	NA	NA
Acropora_gemmifera_SLJPv1___s0067.g4.t1	OG0008955	Acropora_gemmifera_SLJPv1	NA	NA	NA	NA	NA	NA	NA	NA	NA	NA
Acropora_hyacinthus_SLJPv1___s0113.g35.t1	OG0008955	Acropora_hyacinthus_SLJPv1	NA	NA	NA	NA	NA	NA	NA	NA	NA	NA
Acropora_intermedia_SLJPv1___s0181.g8.t3	OG0008955	Acropora_intermedia_SLJPv1	NA	NA	NA	NA	NA	NA	NA	NA	NA	NA
Acropora_microphthalma_SLJPv1___s0088.g11.t1	OG0008955	Acropora_microphthalma_SLJPv1	NA	NA	NA	NA	NA	NA	NA	NA	NA	NA
Acropora_millepora_JSIDv2.1___XP_029203118.2	OG0008955	Acropora_millepora_JSIDv2.1	NA	NA	NA	NA	NA	NA	NA	NA	NA	NA
Acropora_muricata_SLJPv1___s0122.g45.t1	OG0008955	Acropora_muricata_SLJPv1	NA	NA	NA	NA	NA	NA	NA	NA	NA	NA
Acropora_muricata_XSCSv1___transcript_HQ_E2_1_transcript17194_f4p0_1531_m.931	OG0008955	Acropora_muricata_XSCSv1	NA	NA	NA	NA	NA	NA	NA	NA	NA	NA
Acropora_nasuta_SLJPv1___s0019.g107.t1	OG0008955	Acropora_nasuta_SLJPv1	NA	NA	NA	NA	NA	NA	NA	NA	NA	NA
Acropora_selago_SLJPv1___s0071.g43.t1	OG0008955	Acropora_selago_SLJPv1	NA	NA	NA	NA	NA	NA	NA	NA	NA	NA
Acropora_tenuis_SLJPv1___s0043.g55.t1	OG0008955	Acropora_tenuis_SLJPv1	NA	NA	NA	NA	NA	NA	NA	NA	NA	NA
Acropora_yongei_SLJPv1___s0043.g148.t1	OG0008955	Acropora_yongei_SLJPv1	NA	NA	NA	NA	NA	NA	NA	NA	NA	NA
Actinia_equina_RHUKv1___evm.utg7549.13	OG0008955	Actinia_equina_RHUKv1	NA	NA	NA	NA	NA	NA	NA	NA	NA	NA
Alatina_alata_BNNLv1-TRANS___27368	OG0008955	Alatina_alata_BNNLv1-TRANS	NA	NA	NA	NA	NA	NA	NA	NA	NA	NA
Alatina_alata_BNNLv1-TRANS___27369	OG0008955	Alatina_alata_BNNLv1-TRANS	NA	NA	NA	NA	NA	NA	NA	NA	NA	NA
Amplexidiscus_fenestrafer_MSMEv1___evm.model.scaffold_196.23	OG0008955	Amplexidiscus_fenestrafer_MSMEv1	NA	NA	NA	NA	NA	XP_002732352_2	0.000000055	63.9	10224	PREDICTED: uncharacterized protein LOC100369505 [Saccoglossus kowalevskii]
Anthopleura_elegantissima_REEFv1___22737	OG0008955	Anthopleura_elegantissima_REEFv1	NA	NA	NA	NA	NA	NA	NA	NA	NA	NA
Astreopora_myriophthalma_SLJPv2___sc0000255.g0011.t1	OG0008955	Astreopora_myriophthalma_SLJPv2	NA	NA	NA	NA	NA	XP_002732352_2	0.00000377	58.9	10224	PREDICTED: uncharacterized protein LOC100369505 [Saccoglossus kowalevskii]
Aurelia_aurita_ALTOv1___scaffold16.g9.t1	OG0008955	Aurelia_aurita_ALTOv1	NA	NA	NA	NA	NA	NA	NA	NA	NA	NA
Calvadosia_cruxmelitensis_CRGBv3.2___g1704.t1_5	OG0008955	Calvadosia_cruxmelitensis_CRGBv3.2	NA	NA	NA	NA	NA	NA	NA	NA	NA	NA
Calvadosia_cruxmelitensis_NANAv1___HAHC01117961.1.p1	OG0008955	Calvadosia_cruxmelitensis_NANAv1	NA	NA	NA	NA	NA	NA	NA	NA	NA	NA
Cassiopea_xamachana_T1-Av2___g3088.t1	OG0008955	Cassiopea_xamachana_T1-Av2	NA	NA	NA	NA	NA	NA	NA	NA	NA	NA
Clytia_hemispaerica_NANAv1___TCONS_00006101	OG0008955	Clytia_hemispaerica_NANAv1	NA	NA	NA	NA	NA	NA	NA	NA	NA	NA
Corynactis_australis_JBAUv1___GELM01045862.1.p1	OG0008955	Corynactis_australis_JBAUv1	NA	NA	NA	NA	NA	XP_002732352_2	0.00000000368	67.4	10224	PREDICTED: uncharacterized protein LOC100369505 [Saccoglossus kowalevskii]
Craterolophus_convolvulus_RYUSv1___HAGZ01057003.1.p1	OG0008955	Craterolophus_convolvulus_RYUSv1	NA	NA	NA	NA	NA	NA	NA	NA	NA	NA
Ctenactis_echinata_NAJPv1___GDZV01033344.1.p1	OG0008955	Ctenactis_echinata_NAJPv1	NA	NA	NA	NA	NA	XP_002732352_2	0.00000000112	68.9	10224	PREDICTED: uncharacterized protein LOC100369505 [Saccoglossus kowalevskii]
Discosoma_sp_MSMEv1___evm.model.scaffold_5.67	OG0008955	Discosoma_sp_MSMEv1	NA	NA	NA	NA	NA	XP_002732352_2	0.00000000833	66.2	10224	PREDICTED: uncharacterized protein LOC100369505 [Saccoglossus kowalevskii]
Dynamena_pumila_WSRUv1___GHMC01005709.1.p1	OG0008955	Dynamena_pumila_WSRUv1	NA	NA	NA	NA	NA	NA	NA	NA	NA	NA
Exaiptasia_diaphana_CC7v1___AIPGENE19738	OG0008955	Exaiptasia_diaphana_CC7v1	NA	NA	NA	NA	NA	NA	NA	NA	NA	NA
Favia_sp_REEFv1___11623	OG0008955	Favia_sp_REEFv1	NA	NA	NA	NA	NA	XP_002732352_2	0.000000219	59.3	10224	PREDICTED: uncharacterized protein LOC100369505 [Saccoglossus kowalevskii]
Fungia_scutaria_REEFv1___75431	OG0008955	Fungia_scutaria_REEFv1	NA	NA	NA	NA	NA	XP_002732352_2	0.00000000221	68.2	10224	PREDICTED: uncharacterized protein LOC100369505 [Saccoglossus kowalevskii]
Fungia_spp_REEFv1___m4.23544.m1	OG0008955	Fungia_spp_REEFv1	NA	NA	NA	NA	NA	XP_002732352_2	0.00000000994	66.2	10224	PREDICTED: uncharacterized protein LOC100369505 [Saccoglossus kowalevskii]
Goniastrea_aspera_REEFv1___m3.13300.m1	OG0008955	Goniastrea_aspera_REEFv1	NA	NA	NA	NA	NA	XP_002732352_2	0.00000472	58.5	10224	PREDICTED: uncharacterized protein LOC100369505 [Saccoglossus kowalevskii]
Haliclystus_auricula_NANAv1___HAHA01011289.1.p1	OG0008955	Haliclystus_auricula_NANAv1	NA	NA	NA	NA	NA	NA	NA	NA	NA	NA
Hydractinia_echinata_NWAOv1___0038.10	OG0008955	Hydractinia_echinata_NWAOv1	NA	NA	NA	NA	NA	NA	NA	NA	NA	NA
Lucernaria_quadricornis_AIUSv1___HAHD01044823.1.p1	OG0008955	Lucernaria_quadricornis_AIUSv1	NA	NA	NA	NA	NA	NA	NA	NA	NA	NA
Lucernaria_quadricornis_AIUSv1___HAHD01044825.1.p1	OG0008955	Lucernaria_quadricornis_AIUSv1	NA	NA	NA	NA	NA	NA	NA	NA	NA	NA
Madracis_auretenra_REEFv1___1955	OG0008955	Madracis_auretenra_REEFv1	NA	NA	NA	NA	NA	NA	NA	NA	NA	NA
Millepora_alcicornis_PRUSv1___GFAS01162648.1.p1	OG0008955	Millepora_alcicornis_PRUSv1	NA	NA	NA	NA	NA	NA	NA	NA	NA	NA
Millepora_complanata_PRUSv1___GFGT01043972.1.p1	OG0008955	Millepora_complanata_PRUSv1	NA	NA	NA	NA	NA	NA	NA	NA	NA	NA
Millepora_sp_RR-2016_PRUSv1___GFGV01316363.1.p1	OG0008955	Millepora_sp_RR-2016_PRUSv1	NA	NA	NA	NA	NA	NA	NA	NA	NA	NA
Millepora_squarrosa_PRUSv1___GFGU01117696.1.p1	OG0008955	Millepora_squarrosa_PRUSv1	NA	NA	NA	NA	NA	NA	NA	NA	NA	NA
Montastraea_cavernosa_REEFv1___7802	OG0008955	Montastraea_cavernosa_REEFv1	NA	NA	NA	NA	NA	NA	NA	NA	NA	NA
Montipora_cactus_SLJPv2___sc0000416.g0021.t1	OG0008955	Montipora_cactus_SLJPv2	NA	NA	NA	NA	NA	NA	NA	NA	NA	NA
Montipora_capitata_KBHIv3___TS.g21362.t2	OG0008955	Montipora_capitata_KBHIv3	NA	NA	NA	NA	NA	NA	NA	NA	NA	NA
Montipora_capitata_WTHIv1.1___g28071.t1	OG0008955	Montipora_capitata_WTHIv1.1	NA	NA	NA	NA	NA	NA	NA	NA	NA	NA
Morbakka_virulenta_ODJPv1___scaffold127.g6.t1	OG0008955	Morbakka_virulenta_ODJPv1	NA	NA	NA	NA	NA	NA	NA	NA	NA	NA
Nematostella_vectensis_RRUSv1___NVEC200_006935_1.1	OG0008955	Nematostella_vectensis_RRUSv1	NA	NA	NA	NA	NA	NA	NA	NA	NA	NA
Orbicella_faveolata_NAPAv1___XP_020619937.1	OG0008955	Orbicella_faveolata_NAPAv1	NA	NA	NA	NA	NA	XP_002732352_2	0.000000739	60.8	10224	PREDICTED: uncharacterized protein LOC100369505 [Saccoglossus kowalevskii]
Pachyseris_speciosa_OIAUv0.12___0.1.m1.62634.m1	OG0008955	Pachyseris_speciosa_OIAUv0.12	NA	NA	NA	NA	NA	XP_002732352_2	0.00000179	59.7	10224	PREDICTED: uncharacterized protein LOC100369505 [Saccoglossus kowalevskii]
Palythoa_variabilis_PCBRv1___GCVI01053856.1.p1	OG0008955	Palythoa_variabilis_PCBRv1	NA	NA	NA	NA	NA	NA	NA	NA	NA	NA
Platygyra_sinensis_SDTHv1___evm.model.contig_51869.4	OG0008955	Platygyra_sinensis_SDTHv1	NA	NA	NA	NA	NA	XP_002732352_2	0.00000134	59.7	10224	PREDICTED: uncharacterized protein LOC100369505 [Saccoglossus kowalevskii]
Pocillopora_acuta_KBHIv2___TS.g21601.t1	OG0008955	Pocillopora_acuta_KBHIv2	NA	NA	NA	NA	NA	XP_002732352_2	0.000000608	62	10224	PREDICTED: uncharacterized protein LOC100369505 [Saccoglossus kowalevskii]
Pocillopora_acuta_LBIDv1___TCONS_00000760.p1	OG0008955	Pocillopora_acuta_LBIDv1	NA	NA	NA	NA	NA	XP_002732352_2	0.0000000616	63.9	10224	PREDICTED: uncharacterized protein LOC100369505 [Saccoglossus kowalevskii]
Pocillopora_cf_effusa_NAPFv3___00032183	OG0008955	Pocillopora_cf_effusa_NAPFv3	NA	NA	NA	NA	NA	XP_002732352_2	0.000000084	63.5	10224	PREDICTED: uncharacterized protein LOC100369505 [Saccoglossus kowalevskii]
Pocillopora_damicornis_SIPAv1___00022367-RA	OG0008955	Pocillopora_damicornis_SIPAv1	NA	NA	NA	NA	NA	XP_002732352_2	0.0000000976	63.9	10224	PREDICTED: uncharacterized protein LOC100369505 [Saccoglossus kowalevskii]
Pocillopora_meandrina_KBHIv1___RNAseq.g5635.t1	OG0008955	Pocillopora_meandrina_KBHIv1	NA	NA	NA	NA	NA	XP_002732352_2	0.000000114	63.2	10224	PREDICTED: uncharacterized protein LOC100369505 [Saccoglossus kowalevskii]
Pocillopora_verrucosa_RSSAv1___g12671.t1	OG0008955	Pocillopora_verrucosa_RSSAv1	NA	NA	NA	NA	NA	XP_002732352_2	0.0000000616	63.9	10224	PREDICTED: uncharacterized protein LOC100369505 [Saccoglossus kowalevskii]
Pocillopora_verrucosa_XSCSv1___transcript_HQ_E1_1_transcript11415_f2p0_1649_m.653	OG0008955	Pocillopora_verrucosa_XSCSv1	NA	NA	NA	NA	NA	XP_002732352_2	0.0000000616	63.9	10224	PREDICTED: uncharacterized protein LOC100369505 [Saccoglossus kowalevskii]
Podocoryna_carnea_NANAv1___GBEH01060724.1.p1	OG0008955	Podocoryna_carnea_NANAv1	NA	NA	NA	NA	NA	XP_002732352_2	0.00000559	58.2	10224	PREDICTED: uncharacterized protein LOC100369505 [Saccoglossus kowalevskii]
Porites_astreoides_BBBMv1___07385-RA	OG0008955	Porites_astreoides_BBBMv1	NA	NA	NA	NA	NA	NA	NA	NA	NA	NA
Porites_australiensis_SLJPv1___s0136.g69.t1	OG0008955	Porites_australiensis_SLJPv1	NA	NA	NA	NA	NA	XP_002732352_2	0.000000305	62	10224	PREDICTED: uncharacterized protein LOC100369505 [Saccoglossus kowalevskii]
Porites_australiensis_SLJPv1___s4423.g1.t1	OG0008955	Porites_australiensis_SLJPv1	NA	NA	NA	NA	NA	NA	NA	NA	NA	NA
Porites_compressa_KBHIv1___RNAseq.g29547.t1	OG0008955	Porites_compressa_KBHIv1	NA	NA	NA	NA	NA	XP_002732352_2	0.000000305	62	10224	PREDICTED: uncharacterized protein LOC100369505 [Saccoglossus kowalevskii]
Porites_evermanni_NAPFv1___00010193	OG0008955	Porites_evermanni_NAPFv1	NA	NA	NA	NA	NA	XP_002732352_2	0.000000488	61.2	10224	PREDICTED: uncharacterized protein LOC100369505 [Saccoglossus kowalevskii]
Porites_evermanni_NAPFv1___00011064	OG0008955	Porites_evermanni_NAPFv1	NA	NA	NA	NA	NA	XP_002732352_2	0.000000677	61.2	10224	PREDICTED: uncharacterized protein LOC100369505 [Saccoglossus kowalevskii]
Porites_lobata_NAPFv3___00041394	OG0008955	Porites_lobata_NAPFv3	NA	NA	NA	NA	NA	XP_002732352_2	0.00000147	60.8	10224	PREDICTED: uncharacterized protein LOC100369505 [Saccoglossus kowalevskii]
Porites_lobata_REEFv1___4740	OG0008955	Porites_lobata_REEFv1	NA	NA	NA	NA	NA	XP_002732352_2	0.000000674	61.6	10224	PREDICTED: uncharacterized protein LOC100369505 [Saccoglossus kowalevskii]
Porites_lutea_OIAUv1.1___m8.5400.m1	OG0008955	Porites_lutea_OIAUv1.1	NA	NA	NA	NA	NA	XP_002732352_2	0.000000361	62	10224	PREDICTED: uncharacterized protein LOC100369505 [Saccoglossus kowalevskii]
Porites_rus_NAIDv1___2974_t	OG0008955	Porites_rus_NAIDv1	NA	NA	NA	NA	NA	XP_002732352_2	0.000000765	60.8	10224	PREDICTED: uncharacterized protein LOC100369505 [Saccoglossus kowalevskii]
Porpita_porpita_YOJPv1___GHBA01047958.1.p1	OG0008955	Porpita_porpita_YOJPv1	NA	NA	NA	NA	NA	NA	NA	NA	NA	NA
Pseudodiploria_strigosa_REEFv1___15579	OG0008955	Pseudodiploria_strigosa_REEFv1	NA	NA	NA	NA	NA	NA	NA	NA	NA	NA
Rhodactis_indosinensis_NATWv1___GELO01044623.1.p1	OG0008955	Rhodactis_indosinensis_NATWv1	NA	NA	NA	NA	NA	XP_002732352_2	0.000000055	63.9	10224	PREDICTED: uncharacterized protein LOC100369505 [Saccoglossus kowalevskii]
Ricordea_yuma_NAAUv1___GELN01023565.1.p1	OG0008955	Ricordea_yuma_NAAUv1	NA	NA	NA	NA	NA	XP_002732352_2	0.000000000567	67.4	10224	PREDICTED: uncharacterized protein LOC100369505 [Saccoglossus kowalevskii]
Seriatopora_hystrix_REEFv1___27734	OG0008955	Seriatopora_hystrix_REEFv1	NA	NA	NA	NA	NA	XP_002732352_2	0.0000000171	64.3	10224	PREDICTED: uncharacterized protein LOC100369505 [Saccoglossus kowalevskii]
Stylophora_pistillata_GAJOv1___16186	OG0008955	Stylophora_pistillata_GAJOv1	NA	NA	NA	NA	NA	XP_002732352_2	0.00000000513	67	10224	PREDICTED: uncharacterized protein LOC100369505 [Saccoglossus kowalevskii]
Tripedalia_cystophora_Conant1897_1897v1___GGWE01060899.1.p1	OG0008955	Tripedalia_cystophora_Conant1897_1897v1	NA	NA	NA	NA	NA	XP_002732352_2	0.00000652	58.5	10224	PREDICTED: uncharacterized protein LOC100369505 [Saccoglossus kowalevskii]
Turritopsis_sp_SK-2016_TBJPv1___IAAF01018405.1.p1	OG0008955	Turritopsis_sp_SK-2016_TBJPv1	NA	NA	NA	NA	NA	NA	NA	NA	NA	NA
Turritopsis_sp_SK-2016_TBJPv1___IAAF01025079.1.p1	OG0008955	Turritopsis_sp_SK-2016_TBJPv1	NA	NA	NA	NA	NA	NA	NA	NA	NA	NA
Velella_velella_OKJPv1___GHAZ01139343.1.p1	OG0008955	Velella_velella_OKJPv1	NA	NA	NA	NA	NA	NA	NA	NA	NA	NA
Velella_velella_OKJPv1___GHAZ01156618.1.p1	OG0008955	Velella_velella_OKJPv1	NA	NA	NA	NA	NA	NA	NA	NA	NA	NA
Acropora_acuminata_SLJPv1___s0294.g17.t1	OG0009032	Acropora_acuminata_SLJPv1	NA	NA	NA	NA	NA	NA	NA	NA	NA	NA
Acropora_awi_SLJPv1___s0112.g15.t1	OG0009032	Acropora_awi_SLJPv1	NA	NA	NA	NA	NA	NA	NA	NA	NA	NA
Acropora_cytherea_SLJPv1___s0075.g45.t1	OG0009032	Acropora_cytherea_SLJPv1	NA	NA	NA	NA	NA	NA	NA	NA	NA	NA
Acropora_digitifera_SLJPv2___s0036.g37.t1	OG0009032	Acropora_digitifera_SLJPv2	NA	NA	NA	NA	NA	NA	NA	NA	NA	NA
Acropora_echinata_SLJPv1___s0058.g23.t1	OG0009032	Acropora_echinata_SLJPv1	NA	NA	NA	NA	NA	NA	NA	NA	NA	NA
Acropora_florida_SLJPv1___s0054.g13.t1	OG0009032	Acropora_florida_SLJPv1	NA	NA	NA	NA	NA	NA	NA	NA	NA	NA
Acropora_gemmifera_SLJPv1___s0018.g81.t1	OG0009032	Acropora_gemmifera_SLJPv1	NA	NA	NA	NA	NA	NA	NA	NA	NA	NA
Acropora_hyacinthus_SLJPv1___s0041.g14.t1	OG0009032	Acropora_hyacinthus_SLJPv1	NA	NA	NA	NA	NA	NA	NA	NA	NA	NA
Acropora_intermedia_SLJPv1___s0052.g29.t1	OG0009032	Acropora_intermedia_SLJPv1	NA	NA	NA	NA	NA	NA	NA	NA	NA	NA
Acropora_microphthalma_SLJPv1___s0209.g13.t1	OG0009032	Acropora_microphthalma_SLJPv1	NA	NA	NA	NA	NA	NA	NA	NA	NA	NA
Acropora_millepora_JSIDv2.1___XP_029200333.2	OG0009032	Acropora_millepora_JSIDv2.1	NA	NA	NA	NA	NA	NA	NA	NA	NA	NA
Acropora_muricata_SLJPv1___s0276.g19.t1	OG0009032	Acropora_muricata_SLJPv1	NA	NA	NA	NA	NA	NA	NA	NA	NA	NA
Acropora_nasuta_SLJPv1___s0124.g19.t1	OG0009032	Acropora_nasuta_SLJPv1	NA	NA	NA	NA	NA	NA	NA	NA	NA	NA
Acropora_selago_SLJPv1___s0395.g8.t1	OG0009032	Acropora_selago_SLJPv1	NA	NA	NA	NA	NA	NA	NA	NA	NA	NA
Acropora_tenuis_SLJPv1___s0125.g33.t1	OG0009032	Acropora_tenuis_SLJPv1	NA	NA	NA	NA	NA	NA	NA	NA	NA	NA
Acropora_yongei_SLJPv1___s0150.g2.t1	OG0009032	Acropora_yongei_SLJPv1	NA	NA	NA	NA	NA	NA	NA	NA	NA	NA
Actinia_equina_RHUKv1___evm.utg715.5	OG0009032	Actinia_equina_RHUKv1	NA	NA	NA	NA	NA	NA	NA	NA	NA	NA
Amplexidiscus_fenestrafer_MSMEv1___evm.model.scaffold_121.29	OG0009032	Amplexidiscus_fenestrafer_MSMEv1	NA	NA	NA	NA	NA	NA	NA	NA	NA	NA
Anthopleura_elegantissima_REEFv1___4909	OG0009032	Anthopleura_elegantissima_REEFv1	NA	NA	NA	NA	NA	NA	NA	NA	NA	NA
Anthopleura_elegantissima_REEFv1___6749	OG0009032	Anthopleura_elegantissima_REEFv1	NA	NA	NA	NA	NA	NA	NA	NA	NA	NA
Astreopora_myriophthalma_SLJPv2___sc0000281.g0008.t1	OG0009032	Astreopora_myriophthalma_SLJPv2	NA	NA	NA	NA	NA	NA	NA	NA	NA	NA
Astreopora_sp_REEFv1___19160	OG0009032	Astreopora_sp_REEFv1	NA	NA	NA	NA	NA	NA	NA	NA	NA	NA
Aurelia_aurita_ALTOv1___scaffold2.g191.t1	OG0009032	Aurelia_aurita_ALTOv1	NA	NA	NA	NA	NA	NA	NA	NA	NA	NA
Aurelia_aurita_RSPOv1___scaffold62.g13.t1	OG0009032	Aurelia_aurita_RSPOv1	NA	NA	NA	NA	NA	NA	NA	NA	NA	NA
Calvadosia_cruxmelitensis_CRGBv3.2___g1639.t1_3	OG0009032	Calvadosia_cruxmelitensis_CRGBv3.2	NA	NA	NA	NA	NA	NA	NA	NA	NA	NA
Calvadosia_cruxmelitensis_NANAv1___HAHC01010187.1.p1	OG0009032	Calvadosia_cruxmelitensis_NANAv1	NA	NA	NA	NA	NA	NA	NA	NA	NA	NA
Cassiopea_xamachana_T1-Av2___g28692.t1	OG0009032	Cassiopea_xamachana_T1-Av2	NA	NA	NA	NA	NA	NA	NA	NA	NA	NA
Corallium_rubrum_MRFRv1___Contig_40880.p1	OG0009032	Corallium_rubrum_MRFRv1	NA	NA	NA	NA	NA	CAH1792617_1	0.000000155	66.6	6347	unnamed protein product [Owenia fusiformis]
Corynactis_australis_JBAUv1___GELM01050248.1.p1	OG0009032	Corynactis_australis_JBAUv1	NA	NA	NA	NA	NA	NA	NA	NA	NA	NA
Craterolophus_convolvulus_RYUSv1___HAGZ01005747.1.p1	OG0009032	Craterolophus_convolvulus_RYUSv1	NA	NA	NA	NA	NA	NA	NA	NA	NA	NA
Craterolophus_convolvulus_RYUSv1___HAGZ01061182.1.p1	OG0009032	Craterolophus_convolvulus_RYUSv1	NA	NA	NA	NA	NA	NA	NA	NA	NA	NA
Dendronephthya_gigantea_SJKRv1___XP_028405213.1	OG0009032	Dendronephthya_gigantea_SJKRv1	NA	NA	NA	NA	NA	CAH1792617_1	0.000000265	65.9	6347	unnamed protein product [Owenia fusiformis]
Discosoma_sp_MSMEv1___evm.model.scaffold_12.130	OG0009032	Discosoma_sp_MSMEv1	NA	NA	NA	NA	NA	NA	NA	NA	NA	NA
Dynamena_pumila_WSRUv1___GHMC01017064.1.p1	OG0009032	Dynamena_pumila_WSRUv1	NA	NA	NA	NA	NA	NA	NA	NA	NA	NA
Dynamena_pumila_WSRUv1___GHMC01017065.1.p1	OG0009032	Dynamena_pumila_WSRUv1	NA	NA	NA	NA	NA	NA	NA	NA	NA	NA
Dynamena_pumila_WSRUv1___GHMC01017066.1.p1	OG0009032	Dynamena_pumila_WSRUv1	NA	NA	NA	NA	NA	NA	NA	NA	NA	NA
Exaiptasia_diaphana_CC7v1___AIPGENE10593	OG0009032	Exaiptasia_diaphana_CC7v1	NA	NA	NA	NA	NA	NA	NA	NA	NA	NA
Exaiptasia_diaphana_CC7v1___AIPGENE11138	OG0009032	Exaiptasia_diaphana_CC7v1	NA	NA	NA	NA	NA	NA	NA	NA	NA	NA
Favia_sp_REEFv1___61217	OG0009032	Favia_sp_REEFv1	NA	NA	NA	NA	NA	NA	NA	NA	NA	NA
Fungia_scutaria_REEFv1___10698	OG0009032	Fungia_scutaria_REEFv1	NA	NA	NA	NA	NA	NA	NA	NA	NA	NA
Fungia_scutaria_REEFv1___10700	OG0009032	Fungia_scutaria_REEFv1	NA	NA	NA	NA	NA	NA	NA	NA	NA	NA
Fungia_spp_REEFv1___m2b.2320.m1	OG0009032	Fungia_spp_REEFv1	NA	NA	NA	NA	NA	NA	NA	NA	NA	NA
Goniastrea_aspera_REEFv1___m1b.11483.m1	OG0009032	Goniastrea_aspera_REEFv1	NA	NA	NA	NA	NA	NA	NA	NA	NA	NA
Hydra_oligactis_GNCHv1___GHUC01008696.1.p1	OG0009032	Hydra_oligactis_GNCHv1	NA	NA	NA	NA	NA	NA	NA	NA	NA	NA
Hydra_vulgaris_MIJPv3___XP_012559450.2	OG0009032	Hydra_vulgaris_MIJPv3	NA	NA	NA	NA	NA	NA	NA	NA	NA	NA
Madracis_auretenra_REEFv1___10422	OG0009032	Madracis_auretenra_REEFv1	NA	NA	NA	NA	NA	NA	NA	NA	NA	NA
Millepora_alcicornis_PRUSv1___GFAS01427036.1.p1	OG0009032	Millepora_alcicornis_PRUSv1	NA	NA	NA	NA	NA	NA	NA	NA	NA	NA
Millepora_alcicornis_PRUSv1___GFAS01453735.1.p1	OG0009032	Millepora_alcicornis_PRUSv1	NA	NA	NA	NA	NA	NA	NA	NA	NA	NA
Millepora_complanata_PRUSv1___GFGT01364250.1.p1	OG0009032	Millepora_complanata_PRUSv1	NA	NA	NA	NA	NA	NA	NA	NA	NA	NA
Millepora_sp_RR-2016_PRUSv1___GFGV01336226.1.p1	OG0009032	Millepora_sp_RR-2016_PRUSv1	NA	NA	NA	NA	NA	NA	NA	NA	NA	NA
Montastrea_cavernosa_FGUSv2___01979-RA	OG0009032	Montastrea_cavernosa_FGUSv2	NA	NA	NA	NA	NA	NA	NA	NA	NA	NA
Montipora_cactus_SLJPv2___sc0000203.g0039.t1	OG0009032	Montipora_cactus_SLJPv2	NA	NA	NA	NA	NA	NA	NA	NA	NA	NA
Montipora_capitata_KBHIv3___RNAseq.g38996.t1	OG0009032	Montipora_capitata_KBHIv3	NA	NA	NA	NA	NA	NA	NA	NA	NA	NA
Montipora_capitata_WTHIv1.1___g1713.t1	OG0009032	Montipora_capitata_WTHIv1.1	NA	NA	NA	NA	NA	NA	NA	NA	NA	NA
Montipora_efflorescens_SLJPv2___sc0000362.g0008.t1	OG0009032	Montipora_efflorescens_SLJPv2	NA	NA	NA	NA	NA	NA	NA	NA	NA	NA
Morbakka_virulenta_ODJPv1___scaffold252.g31.t1	OG0009032	Morbakka_virulenta_ODJPv1	NA	NA	NA	NA	NA	NA	NA	NA	NA	NA
Nematostella_vectensis_RRUSv1___NVEC200_013370_1.1	OG0009032	Nematostella_vectensis_RRUSv1	NA	NA	NA	NA	NA	NA	NA	NA	NA	NA
Orbicella_faveolata_NAPAv1___XP_020621412.1	OG0009032	Orbicella_faveolata_NAPAv1	NA	NA	NA	NA	NA	NA	NA	NA	NA	NA
Paramuricea_clavata_CTESv1___079075P1	OG0009032	Paramuricea_clavata_CTESv1	NA	NA	NA	NA	NA	CAH1792617_1	0.0000011	63.9	6347	unnamed protein product [Owenia fusiformis]
Platygyra_sinensis_SDTHv1___evm.model.contig_52018.2	OG0009032	Platygyra_sinensis_SDTHv1	NA	NA	NA	NA	NA	NA	NA	NA	NA	NA
Pocillopora_acuta_KBHIv2___RNAseq.g29072.t1	OG0009032	Pocillopora_acuta_KBHIv2	NA	NA	NA	NA	NA	NA	NA	NA	NA	NA
Pocillopora_acuta_LBIDv1___TCONS_00046652.p1	OG0009032	Pocillopora_acuta_LBIDv1	NA	NA	NA	NA	NA	NA	NA	NA	NA	NA
Pocillopora_acuta_LBIDv1___TCONS_00046664.p1	OG0009032	Pocillopora_acuta_LBIDv1	NA	NA	NA	NA	NA	NA	NA	NA	NA	NA
Pocillopora_cf_effusa_NAPFv3___00019743	OG0009032	Pocillopora_cf_effusa_NAPFv3	NA	NA	NA	NA	NA	NA	NA	NA	NA	NA
Pocillopora_damicornis_SIPAv1___00009440-RA	OG0009032	Pocillopora_damicornis_SIPAv1	NA	NA	NA	NA	NA	NA	NA	NA	NA	NA
Pocillopora_damicornis_XSCSv1___transcript_HQ_P2_transcript5079_f2p0_3223_m.1222	OG0009032	Pocillopora_damicornis_XSCSv1	NA	NA	NA	NA	NA	NA	NA	NA	NA	NA
Pocillopora_meandrina_KBHIv1___RNAseq.g24582.t1	OG0009032	Pocillopora_meandrina_KBHIv1	NA	NA	NA	NA	NA	NA	NA	NA	NA	NA
Pocillopora_verrucosa_RSSAv1___g426.t1	OG0009032	Pocillopora_verrucosa_RSSAv1	NA	NA	NA	NA	NA	NA	NA	NA	NA	NA
Porites_australiensis_SLJPv1___s0761.g6.t1	OG0009032	Porites_australiensis_SLJPv1	NA	NA	NA	NA	NA	NA	NA	NA	NA	NA
Porites_compressa_KBHIv1___RNAseq.g8364.t1	OG0009032	Porites_compressa_KBHIv1	NA	NA	NA	NA	NA	NA	NA	NA	NA	NA
Porites_evermanni_NAPFv1___00003554	OG0009032	Porites_evermanni_NAPFv1	NA	NA	NA	NA	NA	NA	NA	NA	NA	NA
Porites_lobata_NAPFv3___00036730	OG0009032	Porites_lobata_NAPFv3	NA	NA	NA	NA	NA	NA	NA	NA	NA	NA
Porites_lobata_REEFv1___13000	OG0009032	Porites_lobata_REEFv1	NA	NA	NA	NA	NA	NA	NA	NA	NA	NA
Porites_lutea_OIAUv1.1___Sc0000311.9	OG0009032	Porites_lutea_OIAUv1.1	NA	NA	NA	NA	NA	NA	NA	NA	NA	NA
Porites_rus_NAIDv1___18265_t	OG0009032	Porites_rus_NAIDv1	NA	NA	NA	NA	NA	NA	NA	NA	NA	NA
Porpita_porpita_YOJPv1___GHBA01079546.1.p1	OG0009032	Porpita_porpita_YOJPv1	NA	NA	NA	NA	NA	NA	NA	NA	NA	NA
Pseudodiploria_strigosa_REEFv1___11192	OG0009032	Pseudodiploria_strigosa_REEFv1	NA	NA	NA	NA	NA	NA	NA	NA	NA	NA
Renilla_muelleri_FLUSv1___g15796.t1	OG0009032	Renilla_muelleri_FLUSv1	NA	NA	NA	NA	NA	NA	NA	NA	NA	NA
Rhodactis_indosinensis_NATWv1___GELO01046531.1.p1	OG0009032	Rhodactis_indosinensis_NATWv1	NA	NA	NA	NA	NA	NA	NA	NA	NA	NA
Ricordea_yuma_NAAUv1___GELN01021437.1.p1	OG0009032	Ricordea_yuma_NAAUv1	NA	NA	NA	NA	NA	NA	NA	NA	NA	NA
Stylophora_pistillata_GAJOv1___2280	OG0009032	Stylophora_pistillata_GAJOv1	NA	NA	NA	NA	NA	NA	NA	NA	NA	NA
Turritopsis_sp_SK-2016_TBJPv1___IAAF01014114.1.p1	OG0009032	Turritopsis_sp_SK-2016_TBJPv1	NA	NA	NA	NA	NA	NA	NA	NA	NA	NA
Turritopsis_sp_SK-2016_TBJPv1___IAAF01087438.1.p1	OG0009032	Turritopsis_sp_SK-2016_TBJPv1	NA	NA	NA	NA	NA	NA	NA	NA	NA	NA
Xenia_sp_CTEAv1___Xe_002710-T1	OG0009032	Xenia_sp_CTEAv1	NA	NA	NA	NA	NA	NA	NA	NA	NA	NA
Acropora_acuminata_SLJPv1___s0094.g28.t1	OG0009344	Acropora_acuminata_SLJPv1	NA	NA	NA	NA	NA	NA	NA	NA	NA	NA
Acropora_awi_SLJPv1___s0009.g178.t1	OG0009344	Acropora_awi_SLJPv1	NA	NA	NA	NA	NA	NA	NA	NA	NA	NA
Acropora_cytherea_SLJPv1___s0021.g29.t1	OG0009344	Acropora_cytherea_SLJPv1	NA	NA	NA	NA	NA	NA	NA	NA	NA	NA
Acropora_digitifera_SLJPv2___s0134.g92.t2	OG0009344	Acropora_digitifera_SLJPv2	NA	NA	NA	NA	NA	NA	NA	NA	NA	NA
Acropora_echinata_SLJPv1___s0035.g34.t1	OG0009344	Acropora_echinata_SLJPv1	NA	NA	NA	NA	NA	NA	NA	NA	NA	NA
Acropora_gemmifera_SLJPv1___s0128.g27.t2	OG0009344	Acropora_gemmifera_SLJPv1	NA	NA	NA	NA	NA	NA	NA	NA	NA	NA
Acropora_hyacinthus_NANAv1___isotig24514	OG0009344	Acropora_hyacinthus_NANAv1	NA	NA	NA	NA	NA	NA	NA	NA	NA	NA
Acropora_hyacinthus_SLJPv1___s0154.g33.t1	OG0009344	Acropora_hyacinthus_SLJPv1	NA	NA	NA	NA	NA	NA	NA	NA	NA	NA
Acropora_intermedia_SLJPv1___s0013.g28.t2	OG0009344	Acropora_intermedia_SLJPv1	NA	NA	NA	NA	NA	NA	NA	NA	NA	NA
Acropora_microphthalma_SLJPv1___s0181.g15.t1	OG0009344	Acropora_microphthalma_SLJPv1	NA	NA	NA	NA	NA	NA	NA	NA	NA	NA
Acropora_millepora_JSIDv2.1___XP_029191949.2	OG0009344	Acropora_millepora_JSIDv2.1	NA	NA	NA	NA	NA	NA	NA	NA	NA	NA
Acropora_muricata_SLJPv1___s0187.g22.t2	OG0009344	Acropora_muricata_SLJPv1	NA	NA	NA	NA	NA	NA	NA	NA	NA	NA
Acropora_muricata_XSCSv1___transcript_HQ_E2_1_transcript30787_f5p0_715_m.662	OG0009344	Acropora_muricata_XSCSv1	NA	NA	NA	NA	NA	NA	NA	NA	NA	NA
Acropora_nasuta_SLJPv1___s0192.g18.t2	OG0009344	Acropora_nasuta_SLJPv1	NA	NA	NA	NA	NA	NA	NA	NA	NA	NA
Acropora_selago_SLJPv1___s0082.g28.t1	OG0009344	Acropora_selago_SLJPv1	NA	NA	NA	NA	NA	NA	NA	NA	NA	NA
Acropora_tenuis_SLJPv1___s0299.g27.t1	OG0009344	Acropora_tenuis_SLJPv1	NA	NA	NA	NA	NA	NA	NA	NA	NA	NA
Acropora_yongei_SLJPv1___s0122.g27.t1	OG0009344	Acropora_yongei_SLJPv1	NA	NA	NA	NA	NA	NA	NA	NA	NA	NA
Actinia_equina_RHUKv1___evm.utg237.26	OG0009344	Actinia_equina_RHUKv1	NA	NA	NA	NA	NA	NA	NA	NA	NA	NA
Actinia_equina_RHUKv1___evm.utg594.25	OG0009344	Actinia_equina_RHUKv1	NA	NA	NA	NA	NA	NA	NA	NA	NA	NA
Amplexidiscus_fenestrafer_MSMEv1___evm.model.scaffold_5.8	OG0009344	Amplexidiscus_fenestrafer_MSMEv1	NA	NA	NA	NA	NA	NA	NA	NA	NA	NA
Anthopleura_elegantissima_REEFv1___29842	OG0009344	Anthopleura_elegantissima_REEFv1	NA	NA	NA	NA	NA	NA	NA	NA	NA	NA
Astreopora_myriophthalma_SLJPv2___sc0000012.g0103.t1	OG0009344	Astreopora_myriophthalma_SLJPv2	NA	NA	NA	NA	NA	NA	NA	NA	NA	NA
Astreopora_sp_REEFv1___5741	OG0009344	Astreopora_sp_REEFv1	NA	NA	NA	NA	NA	NA	NA	NA	NA	NA
Corallium_rubrum_MRFRv1___Contig_17513.p1	OG0009344	Corallium_rubrum_MRFRv1	NA	NA	NA	NA	NA	NA	NA	NA	NA	NA
Corallium_rubrum_MRFRv1___Contig_21274.p1	OG0009344	Corallium_rubrum_MRFRv1	NA	NA	NA	NA	NA	NA	NA	NA	NA	NA
Corynactis_australis_JBAUv1___GELM01054029.1.p1	OG0009344	Corynactis_australis_JBAUv1	NA	NA	NA	NA	NA	NA	NA	NA	NA	NA
Ctenactis_echinata_NAJPv1___GDZV01017284.1.p1	OG0009344	Ctenactis_echinata_NAJPv1	NA	NA	NA	NA	NA	XP_014147999_1	0.0000022	54.3	667725	hypothetical protein SARC_13345, partial [Sphaeroforma arctica JP610]
Dendronephthya_gigantea_SJKRv1___XP_028399838.1	OG0009344	Dendronephthya_gigantea_SJKRv1	NA	NA	NA	NA	NA	NA	NA	NA	NA	NA
Dipsastraea_lizardensis_NAJPv1___GDZU01022464.1.p1	OG0009344	Dipsastraea_lizardensis_NAJPv1	NA	NA	NA	NA	NA	NA	NA	NA	NA	NA
Exaiptasia_diaphana_CC7v1___AIPGENE21603	OG0009344	Exaiptasia_diaphana_CC7v1	NA	NA	NA	NA	NA	NA	NA	NA	NA	NA
Favia_sp_REEFv1___57201	OG0009344	Favia_sp_REEFv1	NA	NA	NA	NA	NA	NA	NA	NA	NA	NA
Fungia_scutaria_REEFv1___66341	OG0009344	Fungia_scutaria_REEFv1	NA	NA	NA	NA	NA	XP_014147999_1	0.00000884	52.8	667725	hypothetical protein SARC_13345, partial [Sphaeroforma arctica JP610]
Fungia_spp_REEFv1___m2b.11687.m1	OG0009344	Fungia_spp_REEFv1	NA	NA	NA	NA	NA	XP_014147999_1	0.0000063	53.1	667725	hypothetical protein SARC_13345, partial [Sphaeroforma arctica JP610]
Galaxea_fascicularis_REEFv1___m1.3278.m1	OG0009344	Galaxea_fascicularis_REEFv1	NA	NA	NA	NA	NA	NA	NA	NA	NA	NA
Goniastrea_aspera_REEFv1___m1b.768.m1	OG0009344	Goniastrea_aspera_REEFv1	NA	NA	NA	NA	NA	NA	NA	NA	NA	NA
Hydra_oligactis_GNCHv1___GHUC01030532.1.p1	OG0009344	Hydra_oligactis_GNCHv1	NA	NA	NA	NA	NA	NA	NA	NA	NA	NA
Hydra_vulgaris_MIJPv3___XP_047124057.1	OG0009344	Hydra_vulgaris_MIJPv3	NA	NA	NA	NA	NA	NA	NA	NA	NA	NA
Madracis_auretenra_REEFv1___22567	OG0009344	Madracis_auretenra_REEFv1	NA	NA	NA	NA	NA	NA	NA	NA	NA	NA
Montastrea_cavernosa_FGUSv2___15779-RA	OG0009344	Montastrea_cavernosa_FGUSv2	NA	NA	NA	NA	NA	NA	NA	NA	NA	NA
Montipora_aequituberculata_NANAv1___comp26664_c0_seq1	OG0009344	Montipora_aequituberculata_NANAv1	NA	NA	NA	NA	NA	NA	NA	NA	NA	NA
Montipora_cactus_SLJPv2___sc0000001.g0031.t1	OG0009344	Montipora_cactus_SLJPv2	NA	NA	NA	NA	NA	NA	NA	NA	NA	NA
Montipora_capitata_KBHIv3___TS.g4484.t1	OG0009344	Montipora_capitata_KBHIv3	NA	NA	NA	NA	NA	NA	NA	NA	NA	NA
Montipora_capitata_KBHIv3___TS.g4486.t1	OG0009344	Montipora_capitata_KBHIv3	NA	NA	NA	NA	NA	NA	NA	NA	NA	NA
Montipora_capitata_WTHIv1.1___g2456.t1	OG0009344	Montipora_capitata_WTHIv1.1	NA	NA	NA	NA	NA	NA	NA	NA	NA	NA
Montipora_foliosa_XSCSv1___transcript_HQ_E3_1_transcript18637_f3p0_910_m.416	OG0009344	Montipora_foliosa_XSCSv1	NA	NA	NA	NA	NA	NA	NA	NA	NA	NA
Montipora_foliosa_XSCSv1___transcript_HQ_E3_1_transcript20535_f4p0_820_m.45	OG0009344	Montipora_foliosa_XSCSv1	NA	NA	NA	NA	NA	NA	NA	NA	NA	NA
Nematostella_vectensis_RRUSv1___NVEC200_002852_1.1	OG0009344	Nematostella_vectensis_RRUSv1	NA	NA	NA	NA	NA	NA	NA	NA	NA	NA
Orbicella_faveolata_NAPAv1___XP_020602168.1	OG0009344	Orbicella_faveolata_NAPAv1	NA	NA	NA	NA	NA	NA	NA	NA	NA	NA
Pachyseris_speciosa_OIAUv0.12___0.1.m1.29424.m1	OG0009344	Pachyseris_speciosa_OIAUv0.12	NA	NA	NA	NA	NA	NA	NA	NA	NA	NA
Palythoa_variabilis_PCBRv1___GCVI01047572.1.p1	OG0009344	Palythoa_variabilis_PCBRv1	NA	NA	NA	NA	NA	NA	NA	NA	NA	NA
Paramuricea_clavata_CTESv1___035000P1	OG0009344	Paramuricea_clavata_CTESv1	NA	NA	NA	NA	NA	NA	NA	NA	NA	NA
Plexaura_homomalla_PRUSv1___TR20724_c0_g1_i1.p1	OG0009344	Plexaura_homomalla_PRUSv1	NA	NA	NA	NA	NA	NA	NA	NA	NA	NA
Plexaura_kukenthali_PRUSv1___TR44734_c0_g1_i1.p1	OG0009344	Plexaura_kukenthali_PRUSv1	NA	NA	NA	NA	NA	NA	NA	NA	NA	NA
Pocillopora_acuta_KBHIv2___RNAseq.g2725.t1	OG0009344	Pocillopora_acuta_KBHIv2	NA	NA	NA	NA	NA	NA	NA	NA	NA	NA
Pocillopora_acuta_LBIDv1___TCONS_00048213.p1	OG0009344	Pocillopora_acuta_LBIDv1	NA	NA	NA	NA	NA	NA	NA	NA	NA	NA
Pocillopora_cf_effusa_NAPFv3___00001267	OG0009344	Pocillopora_cf_effusa_NAPFv3	NA	NA	NA	NA	NA	NA	NA	NA	NA	NA
Pocillopora_damicornis_SIPAv1___00000728-RA	OG0009344	Pocillopora_damicornis_SIPAv1	NA	NA	NA	NA	NA	NA	NA	NA	NA	NA
Pocillopora_damicornis_XSCSv1___transcript_HQ_P2_transcript20042_f2p0_817_m.457	OG0009344	Pocillopora_damicornis_XSCSv1	NA	NA	NA	NA	NA	NA	NA	NA	NA	NA
Pocillopora_meandrina_KBHIv1___RNAseq.g11064.t1	OG0009344	Pocillopora_meandrina_KBHIv1	NA	NA	NA	NA	NA	NA	NA	NA	NA	NA
Pocillopora_verrucosa_RSSAv1___g6480.t1	OG0009344	Pocillopora_verrucosa_RSSAv1	NA	NA	NA	NA	NA	NA	NA	NA	NA	NA
Pocillopora_verrucosa_XSCSv1___transcript_HQ_E1_1_transcript18732_f6p0_1317_m.1107	OG0009344	Pocillopora_verrucosa_XSCSv1	NA	NA	NA	NA	NA	NA	NA	NA	NA	NA
Porites_astreoides_BBBMv1___12312-RA	OG0009344	Porites_astreoides_BBBMv1	NA	NA	NA	NA	NA	NA	NA	NA	NA	NA
Porites_australiensis_SLJPv1___s0403.g17.t1	OG0009344	Porites_australiensis_SLJPv1	NA	NA	NA	NA	NA	NA	NA	NA	NA	NA
Porites_compressa_KBHIv1___RNAseq.g11521.t1	OG0009344	Porites_compressa_KBHIv1	NA	NA	NA	NA	NA	NA	NA	NA	NA	NA
Porites_evermanni_NAPFv1___00039307	OG0009344	Porites_evermanni_NAPFv1	NA	NA	NA	NA	NA	NA	NA	NA	NA	NA
Porites_lobata_NAPFv3___00006377	OG0009344	Porites_lobata_NAPFv3	NA	NA	NA	NA	NA	NA	NA	NA	NA	NA
Porites_lutea_OIAUv1.1___m8.22996.m1	OG0009344	Porites_lutea_OIAUv1.1	NA	NA	NA	NA	NA	NA	NA	NA	NA	NA
Porites_rus_NAIDv1___10568_t	OG0009344	Porites_rus_NAIDv1	NA	NA	NA	NA	NA	NA	NA	NA	NA	NA
Pseudodiploria_strigosa_REEFv1___14377	OG0009344	Pseudodiploria_strigosa_REEFv1	NA	NA	NA	NA	NA	NA	NA	NA	NA	NA
Pseudodiploria_strigosa_REEFv1___18162	OG0009344	Pseudodiploria_strigosa_REEFv1	NA	NA	NA	NA	NA	NA	NA	NA	NA	NA
Renilla_muelleri_FLUSv1___g20419.t1	OG0009344	Renilla_muelleri_FLUSv1	NA	NA	NA	NA	NA	NA	NA	NA	NA	NA
Rhodactis_indosinensis_NATWv1___GELO01032545.1.p1	OG0009344	Rhodactis_indosinensis_NATWv1	NA	NA	NA	NA	NA	NA	NA	NA	NA	NA
Ricordea_yuma_NAAUv1___GELN01037787.1.p1	OG0009344	Ricordea_yuma_NAAUv1	NA	NA	NA	NA	NA	NA	NA	NA	NA	NA
Scolanthus_callimorphus_CRFRv1___28909.1	OG0009344	Scolanthus_callimorphus_CRFRv1	NA	NA	NA	NA	NA	NA	NA	NA	NA	NA
Seriatopora_hystrix_REEFv1___19313	OG0009344	Seriatopora_hystrix_REEFv1	NA	NA	NA	NA	NA	NA	NA	NA	NA	NA
Stylophora_pistillata_GAJOv1___4642	OG0009344	Stylophora_pistillata_GAJOv1	NA	NA	NA	NA	NA	NA	NA	NA	NA	NA
Xenia_sp_CTEAv1___Xe_022365-T1	OG0009344	Xenia_sp_CTEAv1	NA	NA	NA	NA	NA	NA	NA	NA	NA	NA
Acropora_acuminata_SLJPv1___s0089.g3.t2	OG0009569	Acropora_acuminata_SLJPv1	NA	NA	NA	NA	NA	XP_013379495_1	0.000000000000000091	85.5	7574	uncharacterized protein LOC106150986 [Lingula anatina]
Acropora_awi_SLJPv1___s0303.g14.t1	OG0009569	Acropora_awi_SLJPv1	NA	NA	NA	NA	NA	NA	NA	NA	NA	NA
Acropora_digitifera_SLJPv2___s0027.g63.t1	OG0009569	Acropora_digitifera_SLJPv2	NA	NA	NA	NA	NA	NA	NA	NA	NA	NA
Acropora_echinata_SLJPv1___s0081.g99.t1	OG0009569	Acropora_echinata_SLJPv1	NA	NA	NA	NA	NA	NA	NA	NA	NA	NA
Acropora_florida_SLJPv1___s0063.g54.t1	OG0009569	Acropora_florida_SLJPv1	NA	NA	NA	NA	NA	NA	NA	NA	NA	NA
Acropora_gemmifera_SLJPv1___s0236.g8.t2	OG0009569	Acropora_gemmifera_SLJPv1	NA	NA	NA	NA	NA	XP_013379495_1	0.00000000000000136	82.4	7574	uncharacterized protein LOC106150986 [Lingula anatina]
Acropora_hyacinthus_SLJPv1___s0039.g51.t2	OG0009569	Acropora_hyacinthus_SLJPv1	NA	NA	NA	NA	NA	XP_013379495_1	0.000000000000000691	83.2	7574	uncharacterized protein LOC106150986 [Lingula anatina]
Acropora_intermedia_SLJPv1___s0038.g66.t2	OG0009569	Acropora_intermedia_SLJPv1	NA	NA	NA	NA	NA	XP_013379495_1	0.00000000000000136	82.4	7574	uncharacterized protein LOC106150986 [Lingula anatina]
Acropora_microphthalma_SLJPv1___s0149.g48.t2	OG0009569	Acropora_microphthalma_SLJPv1	NA	NA	NA	NA	NA	XP_013379495_1	0.00000000000000048	83.6	7574	uncharacterized protein LOC106150986 [Lingula anatina]
Acropora_millepora_JSIDv2.1___XP_029186080.2	OG0009569	Acropora_millepora_JSIDv2.1	NA	NA	NA	NA	NA	XP_013379495_1	0.00000000000000122	82.8	7574	uncharacterized protein LOC106150986 [Lingula anatina]
Acropora_muricata_XSCSv1___transcript_HQ_E2_1_transcript17298_f2p0_1528_m.199	OG0009569	Acropora_muricata_XSCSv1	NA	NA	NA	NA	NA	XP_013379495_1	0.000000000000000873	83.2	7574	uncharacterized protein LOC106150986 [Lingula anatina]
Acropora_nasuta_SLJPv1___s0028.g131.t2	OG0009569	Acropora_nasuta_SLJPv1	NA	NA	NA	NA	NA	XP_013379495_1	0.00000000000000048	83.6	7574	uncharacterized protein LOC106150986 [Lingula anatina]
Acropora_selago_SLJPv1___s0149.g47.t2	OG0009569	Acropora_selago_SLJPv1	NA	NA	NA	NA	NA	XP_013379495_1	0.000000000000000493	83.6	7574	uncharacterized protein LOC106150986 [Lingula anatina]
Acropora_tenuis_SLJPv1___s0222.g3.t1	OG0009569	Acropora_tenuis_SLJPv1	NA	NA	NA	NA	NA	XP_013379495_1	0.0000000000000073	80.5	7574	uncharacterized protein LOC106150986 [Lingula anatina]
Acropora_yongei_SLJPv1___s0005.g275.t2	OG0009569	Acropora_yongei_SLJPv1	NA	NA	NA	NA	NA	XP_013379495_1	0.0000000000000019	82	7574	uncharacterized protein LOC106150986 [Lingula anatina]
Actinia_equina_RHUKv1___evm.utg150.38	OG0009569	Actinia_equina_RHUKv1	NA	NA	NA	NA	NA	XP_013379495_1	0.00000000000000563	80.9	7574	uncharacterized protein LOC106150986 [Lingula anatina]
Alatina_alata_BNNLv1-TRANS___21019	OG0009569	Alatina_alata_BNNLv1-TRANS	NA	NA	NA	NA	NA	XP_013379495_1	0.0000000000000478	78.6	7574	uncharacterized protein LOC106150986 [Lingula anatina]
Alatina_alata_BNNLv1-TRANS___56934	OG0009569	Alatina_alata_BNNLv1-TRANS	NA	NA	NA	NA	NA	NA	NA	NA	NA	NA
Amplexidiscus_fenestrafer_MSMEv1___evm.model.scaffold_41.53	OG0009569	Amplexidiscus_fenestrafer_MSMEv1	NA	NA	NA	NA	NA	XP_013379495_1	0.00000000000000000128	90.5	7574	uncharacterized protein LOC106150986 [Lingula anatina]
Astreopora_myriophthalma_SLJPv2___sc0000016.g0206.t1	OG0009569	Astreopora_myriophthalma_SLJPv2	NA	NA	NA	NA	NA	XP_013379495_1	0.0000000000000000168	87.4	7574	uncharacterized protein LOC106150986 [Lingula anatina]
Aurelia_aurita_ALTOv1___scaffold87.g51.t1	OG0009569	Aurelia_aurita_ALTOv1	NA	NA	NA	NA	NA	KAF6026931_1	0.00000991	55.8	10212	hypothetical protein EB796_014766 [Bugula neritina]
Aurelia_aurita_RSPOv1___scaffold6.g40.t1	OG0009569	Aurelia_aurita_RSPOv1	NA	NA	NA	NA	NA	KAF6026931_1	0.0000052	56.6	10212	hypothetical protein EB796_014766 [Bugula neritina]
Corallium_rubrum_MRFRv1___Contig_42363.p1	OG0009569	Corallium_rubrum_MRFRv1	NA	NA	NA	NA	NA	XP_013379495_1	0.000000000000000015	87.4	7574	uncharacterized protein LOC106150986 [Lingula anatina]
Corynactis_australis_JBAUv1___GELM01064958.1.p1	OG0009569	Corynactis_australis_JBAUv1	NA	NA	NA	NA	NA	XP_013379495_1	0.0000000000000000242	87	7574	uncharacterized protein LOC106150986 [Lingula anatina]
Ctenactis_echinata_NAJPv1___GDZV01006558.1.p1	OG0009569	Ctenactis_echinata_NAJPv1	NA	NA	NA	NA	NA	XP_013379495_1	0.00000000392	63.5	7574	uncharacterized protein LOC106150986 [Lingula anatina]
Dendronephthya_gigantea_SJKRv1___XP_028406991.1	OG0009569	Dendronephthya_gigantea_SJKRv1	NA	NA	NA	NA	NA	XP_013379495_1	0.000000385	59.7	7574	uncharacterized protein LOC106150986 [Lingula anatina]
Dipsastraea_lizardensis_NAJPv1___GDZU01021798.1.p1	OG0009569	Dipsastraea_lizardensis_NAJPv1	NA	NA	NA	NA	NA	XP_013379495_1	0.0000000000000000987	85.5	7574	uncharacterized protein LOC106150986 [Lingula anatina]
Discosoma_sp_MSMEv1___evm.model.scaffold_19.17	OG0009569	Discosoma_sp_MSMEv1	NA	NA	NA	NA	NA	XP_013379495_1	0.0000000000000000463	86.3	7574	uncharacterized protein LOC106150986 [Lingula anatina]
Dynamena_pumila_WSRUv1___GHMC01032050.1.p1	OG0009569	Dynamena_pumila_WSRUv1	NA	NA	NA	NA	NA	NA	NA	NA	NA	NA
Fungia_scutaria_REEFv1___66913	OG0009569	Fungia_scutaria_REEFv1	NA	NA	NA	NA	NA	XP_013379495_1	0.000000000000000000827	91.3	7574	uncharacterized protein LOC106150986 [Lingula anatina]
Fungia_spp_REEFv1___m4.5755.m1	OG0009569	Fungia_spp_REEFv1	NA	NA	NA	NA	NA	XP_013379495_1	0.00000000000000000432	89	7574	uncharacterized protein LOC106150986 [Lingula anatina]
Goniastrea_aspera_REEFv1___m3.11166.m1	OG0009569	Goniastrea_aspera_REEFv1	NA	NA	NA	NA	NA	XP_013379495_1	0.000000034	61.6	7574	uncharacterized protein LOC106150986 [Lingula anatina]
Hydractinia_symbiolongicarpus_NEAOv1___0067.35	OG0009569	Hydractinia_symbiolongicarpus_NEAOv1	NA	NA	NA	NA	NA	XP_013379495_1	0.000000111	61.2	7574	uncharacterized protein LOC106150986 [Lingula anatina]
Montastraea_cavernosa_REEFv1___118115	OG0009569	Montastraea_cavernosa_REEFv1	NA	NA	NA	NA	NA	XP_013379495_1	0.000000000000000000519	92	7574	uncharacterized protein LOC106150986 [Lingula anatina]
Montipora_cactus_SLJPv2___sc0000194.g0069.t1	OG0009569	Montipora_cactus_SLJPv2	NA	NA	NA	NA	NA	XP_013379495_1	0.000000000000000352	84	7574	uncharacterized protein LOC106150986 [Lingula anatina]
Montipora_capitata_KBHIv3___RNAseq.g44305.t1	OG0009569	Montipora_capitata_KBHIv3	NA	NA	NA	NA	NA	XP_013379495_1	0.0000000000000000463	86.3	7574	uncharacterized protein LOC106150986 [Lingula anatina]
Montipora_efflorescens_SLJPv2___sc0000011.g0011.t1	OG0009569	Montipora_efflorescens_SLJPv2	NA	NA	NA	NA	NA	XP_013379495_1	0.000000000000000352	84	7574	uncharacterized protein LOC106150986 [Lingula anatina]
Montipora_foliosa_XSCSv1___transcript_HQ_E3_1_transcript7713_f2p0_1528_m.573	OG0009569	Montipora_foliosa_XSCSv1	NA	NA	NA	NA	NA	XP_013379495_1	0.000000000000000423	84	7574	uncharacterized protein LOC106150986 [Lingula anatina]
Morbakka_virulenta_ODJPv1___scaffold55.g68.t1	OG0009569	Morbakka_virulenta_ODJPv1	NA	NA	NA	NA	NA	XP_013379495_1	0.0000000000000521	78.2	7574	uncharacterized protein LOC106150986 [Lingula anatina]
Nematostella_vectensis_RRUSv1___NVEC200_012346_1.1	OG0009569	Nematostella_vectensis_RRUSv1	NA	NA	NA	NA	NA	XP_013379495_1	0.00000000000000000165	90.1	7574	uncharacterized protein LOC106150986 [Lingula anatina]
Orbicella_faveolata_NAPAv1___XP_020621209.1	OG0009569	Orbicella_faveolata_NAPAv1	NA	NA	NA	NA	NA	XP_013379495_1	0.00000000000000000924	88.2	7574	uncharacterized protein LOC106150986 [Lingula anatina]
Palythoa_variabilis_PCBRv1___GCVI01026418.1.p1	OG0009569	Palythoa_variabilis_PCBRv1	NA	NA	NA	NA	NA	XP_013379495_1	0.00000000000000000154	90.5	7574	uncharacterized protein LOC106150986 [Lingula anatina]
Paramuricea_clavata_CTESv1___019558P2	OG0009569	Paramuricea_clavata_CTESv1	NA	NA	NA	NA	NA	XP_013379495_1	0.00000000000697	72	7574	uncharacterized protein LOC106150986 [Lingula anatina]
Platygyra_sinensis_SDTHv1___evm.model.contig_11498.2	OG0009569	Platygyra_sinensis_SDTHv1	NA	NA	NA	NA	NA	XP_013379495_1	0.00000000000000000469	89	7574	uncharacterized protein LOC106150986 [Lingula anatina]
Platygyra_sinensis_SDTHv1___evm.model.contig_31397.4	OG0009569	Platygyra_sinensis_SDTHv1	NA	NA	NA	NA	NA	XP_013379495_1	0.000000000000000000766	91.7	7574	uncharacterized protein LOC106150986 [Lingula anatina]
Plexaura_homomalla_PRUSv1___TR9566_c0_g1_i1.p1	OG0009569	Plexaura_homomalla_PRUSv1	NA	NA	NA	NA	NA	XP_013379495_1	0.000000000000000739	82.8	7574	uncharacterized protein LOC106150986 [Lingula anatina]
Plexaura_kukenthali_PRUSv1___TR9691_c0_g1_i1.p1	OG0009569	Plexaura_kukenthali_PRUSv1	NA	NA	NA	NA	NA	XP_013379495_1	0.00000000000000746	79.7	7574	uncharacterized protein LOC106150986 [Lingula anatina]
Pocillopora_acuta_KBHIv2___RNAseq.g24062.t1	OG0009569	Pocillopora_acuta_KBHIv2	NA	NA	NA	NA	NA	XP_013379495_1	0.00000000000000000165	90.1	7574	uncharacterized protein LOC106150986 [Lingula anatina]
Pocillopora_acuta_LBIDv1___TCONS_00027832.p3	OG0009569	Pocillopora_acuta_LBIDv1	NA	NA	NA	NA	NA	XP_013379495_1	0.00000000000000000165	90.1	7574	uncharacterized protein LOC106150986 [Lingula anatina]
Pocillopora_cf_effusa_NAPFv3___00018677	OG0009569	Pocillopora_cf_effusa_NAPFv3	NA	NA	NA	NA	NA	XP_013379495_1	0.000000000000000000837	90.9	7574	uncharacterized protein LOC106150986 [Lingula anatina]
Pocillopora_damicornis_SIPAv1___00000847-RA	OG0009569	Pocillopora_damicornis_SIPAv1	NA	NA	NA	NA	NA	XP_013379495_1	0.000000000000000000596	91.3	7574	uncharacterized protein LOC106150986 [Lingula anatina]
Pocillopora_meandrina_KBHIv1___RNAseq.g8162.t1	OG0009569	Pocillopora_meandrina_KBHIv1	NA	NA	NA	NA	NA	XP_013379495_1	0.000000000000000000596	91.3	7574	uncharacterized protein LOC106150986 [Lingula anatina]
Pocillopora_verrucosa_RSSAv1___g2735.t1	OG0009569	Pocillopora_verrucosa_RSSAv1	NA	NA	NA	NA	NA	XP_013379495_1	0.00000000000000000165	90.1	7574	uncharacterized protein LOC106150986 [Lingula anatina]
Pocillopora_verrucosa_XSCSv1___transcript_HQ_E1_1_transcript12032_f2p0_1784_m.827	OG0009569	Pocillopora_verrucosa_XSCSv1	NA	NA	NA	NA	NA	XP_013379495_1	0.000000000000000000596	91.3	7574	uncharacterized protein LOC106150986 [Lingula anatina]
Podocoryna_carnea_NANAv1___GBEH01003870.1.p1	OG0009569	Podocoryna_carnea_NANAv1	NA	NA	NA	NA	NA	XP_013379495_1	0.0000000045	65.1	7574	uncharacterized protein LOC106150986 [Lingula anatina]
Podocoryna_carnea_NANAv1___GBEH01097741.1.p1	OG0009569	Podocoryna_carnea_NANAv1	NA	NA	NA	NA	NA	XP_013379495_1	0.0000000045	65.1	7574	uncharacterized protein LOC106150986 [Lingula anatina]
Porites_astreoides_BBBMv1___37419-RA	OG0009569	Porites_astreoides_BBBMv1	NA	NA	NA	NA	NA	NA	NA	NA	NA	NA
Porites_australiensis_SLJPv1___s0297.g25.t1	OG0009569	Porites_australiensis_SLJPv1	NA	NA	NA	NA	NA	NA	NA	NA	NA	NA
Porites_compressa_KBHIv1___RNAseq.g26292.t1	OG0009569	Porites_compressa_KBHIv1	NA	NA	NA	NA	NA	XP_013379495_1	0.000000000903	65.9	7574	uncharacterized protein LOC106150986 [Lingula anatina]
Porites_evermanni_NAPFv1___00003339	OG0009569	Porites_evermanni_NAPFv1	NA	NA	NA	NA	NA	XP_013379495_1	0.0000000000000073	80.5	7574	uncharacterized protein LOC106150986 [Lingula anatina]
Porites_lobata_NAPFv3___00000792	OG0009569	Porites_lobata_NAPFv3	NA	NA	NA	NA	NA	XP_013379495_1	0.000000000000107	77.4	7574	uncharacterized protein LOC106150986 [Lingula anatina]
Porites_lobata_REEFv1___24648	OG0009569	Porites_lobata_REEFv1	NA	NA	NA	NA	NA	XP_013379495_1	0.0000000000000073	80.5	7574	uncharacterized protein LOC106150986 [Lingula anatina]
Porites_rus_NAIDv1___25786_t	OG0009569	Porites_rus_NAIDv1	NA	NA	NA	NA	NA	NA	NA	NA	NA	NA
Porites_rus_NAIDv1___29716_t	OG0009569	Porites_rus_NAIDv1	NA	NA	NA	NA	NA	XP_013379495_1	0.00000000103	65.9	7574	uncharacterized protein LOC106150986 [Lingula anatina]
Pseudodiploria_strigosa_REEFv1___30382	OG0009569	Pseudodiploria_strigosa_REEFv1	NA	NA	NA	NA	NA	XP_013379495_1	0.0000000000000000255	87	7574	uncharacterized protein LOC106150986 [Lingula anatina]
Rhodactis_indosinensis_NATWv1___GELO01052581.1.p1	OG0009569	Rhodactis_indosinensis_NATWv1	NA	NA	NA	NA	NA	XP_013379495_1	0.0000000000000000119	87.8	7574	uncharacterized protein LOC106150986 [Lingula anatina]
Ricordea_yuma_NAAUv1___GELN01018803.1.p1	OG0009569	Ricordea_yuma_NAAUv1	NA	NA	NA	NA	NA	XP_013379495_1	0.000000000000000493	83.6	7574	uncharacterized protein LOC106150986 [Lingula anatina]
Scolanthus_callimorphus_CRFRv1___6392.1	OG0009569	Scolanthus_callimorphus_CRFRv1	NA	NA	NA	NA	NA	XP_013379495_1	0.0000000000000000017	90.1	7574	uncharacterized protein LOC106150986 [Lingula anatina]
Stylophora_pistillata_GAJOv1___130	OG0009569	Stylophora_pistillata_GAJOv1	NA	NA	NA	NA	NA	XP_013379495_1	0.00000000000000000232	89.7	7574	uncharacterized protein LOC106150986 [Lingula anatina]
Tripedalia_cystophora_Conant1897_1897v1___GGWE01040890.1.p1	OG0009569	Tripedalia_cystophora_Conant1897_1897v1	NA	NA	NA	NA	NA	XP_013379495_1	0.000000000000797	75.1	7574	uncharacterized protein LOC106150986 [Lingula anatina]
Turritopsis_sp_SK-2016_TBJPv1___IAAF01000075.1.p1	OG0009569	Turritopsis_sp_SK-2016_TBJPv1	NA	NA	NA	NA	NA	XP_013379495_1	0.00000245	57.8	7574	uncharacterized protein LOC106150986 [Lingula anatina]
Turritopsis_sp_SK-2016_TBJPv1___IAAF01007385.1.p1	OG0009569	Turritopsis_sp_SK-2016_TBJPv1	NA	NA	NA	NA	NA	XP_013379495_1	0.00000245	57.8	7574	uncharacterized protein LOC106150986 [Lingula anatina]
Actinia_equina_RHUKv1___evm.utg12986.68	OG0010304	Actinia_equina_RHUKv1	NA	NA	NA	NA	NA	NA	NA	NA	NA	NA
Actinia_equina_RHUKv1___evm.utg1972.99	OG0010304	Actinia_equina_RHUKv1	NA	NA	NA	NA	NA	NA	NA	NA	NA	NA
Alatina_alata_BNNLv1-TRANS___56372	OG0010304	Alatina_alata_BNNLv1-TRANS	NA	NA	NA	NA	NA	XP_005840451_1	0.000000281	61.6	905079	hypothetical protein GUITHDRAFT_101172 [Guillardia theta CCMP2712]
Amplexidiscus_fenestrafer_MSMEv1___evm.model.scaffold_0.63	OG0010304	Amplexidiscus_fenestrafer_MSMEv1	NA	NA	NA	NA	NA	NA	NA	NA	NA	NA
Astreopora_myriophthalma_SLJPv2___sc0000003.g0131.t1	OG0010304	Astreopora_myriophthalma_SLJPv2	NA	NA	NA	NA	NA	NA	NA	NA	NA	NA
Astreopora_sp_REEFv1___26130	OG0010304	Astreopora_sp_REEFv1	NA	NA	NA	NA	NA	NA	NA	NA	NA	NA
Aurelia_aurita_ALTOv1___scaffold6.g120.t1	OG0010304	Aurelia_aurita_ALTOv1	NA	NA	NA	NA	NA	NA	NA	NA	NA	NA
Clytia_hemispaerica_NANAv1___TCONS_00022798	OG0010304	Clytia_hemispaerica_NANAv1	NA	NA	NA	NA	NA	NA	NA	NA	NA	NA
Corallium_rubrum_MRFRv1___Contig_32017.p1	OG0010304	Corallium_rubrum_MRFRv1	NA	NA	NA	NA	NA	NA	NA	NA	NA	NA
Ctenactis_echinata_NAJPv1___GDZV01009787.1.p1	OG0010304	Ctenactis_echinata_NAJPv1	NA	NA	NA	NA	NA	NA	NA	NA	NA	NA
Dendronephthya_gigantea_SJKRv1___XP_028401019.1	OG0010304	Dendronephthya_gigantea_SJKRv1	NA	NA	NA	NA	NA	KAG8469476_1	0.00000364	59.3	2081491	hypothetical protein KFE25_005931 [Diacronema lutheri]
Dynamena_pumila_WSRUv1___GHMC01045245.1.p1	OG0010304	Dynamena_pumila_WSRUv1	NA	NA	NA	NA	NA	NA	NA	NA	NA	NA
Exaiptasia_diaphana_CC7v1___AIPGENE16959	OG0010304	Exaiptasia_diaphana_CC7v1	NA	NA	NA	NA	NA	NA	NA	NA	NA	NA
Favia_sp_REEFv1___54269	OG0010304	Favia_sp_REEFv1	NA	NA	NA	NA	NA	NA	NA	NA	NA	NA
Fungia_scutaria_REEFv1___9546	OG0010304	Fungia_scutaria_REEFv1	NA	NA	NA	NA	NA	NA	NA	NA	NA	NA
Gorgonia_ventalina_LRPRv1___GV_35741.p1	OG0010304	Gorgonia_ventalina_LRPRv1	NA	NA	NA	NA	NA	NA	NA	NA	NA	NA
Hydra_oligactis_GNCHv1___GHUC01013326.1.p1	OG0010304	Hydra_oligactis_GNCHv1	NA	NA	NA	NA	NA	NA	NA	NA	NA	NA
Hydra_viridissima_99AUv1___scaffold26.g45.t1	OG0010304	Hydra_viridissima_99AUv1	NA	NA	NA	NA	NA	NA	NA	NA	NA	NA
Hydractinia_echinata_NWAOv1___0132.35	OG0010304	Hydractinia_echinata_NWAOv1	NA	NA	NA	NA	NA	NA	NA	NA	NA	NA
Hydractinia_symbiolongicarpus_NEAOv1___0022.232	OG0010304	Hydractinia_symbiolongicarpus_NEAOv1	NA	NA	NA	NA	NA	NA	NA	NA	NA	NA
Madracis_auretenra_REEFv1___8379	OG0010304	Madracis_auretenra_REEFv1	NA	NA	NA	NA	NA	NA	NA	NA	NA	NA
Millepora_alcicornis_PRUSv1___GFAS01134156.1.p1	OG0010304	Millepora_alcicornis_PRUSv1	NA	NA	NA	NA	NA	NA	NA	NA	NA	NA
Millepora_complanata_PRUSv1___GFGT01243290.1.p1	OG0010304	Millepora_complanata_PRUSv1	NA	NA	NA	NA	NA	NA	NA	NA	NA	NA
Millepora_sp_RR-2016_PRUSv1___GFGV01222235.1.p1	OG0010304	Millepora_sp_RR-2016_PRUSv1	NA	NA	NA	NA	NA	NA	NA	NA	NA	NA
Millepora_squarrosa_PRUSv1___GFGU01177736.1.p1	OG0010304	Millepora_squarrosa_PRUSv1	NA	NA	NA	NA	NA	NA	NA	NA	NA	NA
Montastraea_cavernosa_REEFv1___107316	OG0010304	Montastraea_cavernosa_REEFv1	NA	NA	NA	NA	NA	NA	NA	NA	NA	NA
Montastrea_cavernosa_FGUSv2___31706-RA	OG0010304	Montastrea_cavernosa_FGUSv2	NA	NA	NA	NA	NA	NA	NA	NA	NA	NA
Morbakka_virulenta_ODJPv1___scaffold542.g9.t1	OG0010304	Morbakka_virulenta_ODJPv1	NA	NA	NA	NA	NA	XP_005840451_1	0.00000639	57.4	905079	hypothetical protein GUITHDRAFT_101172 [Guillardia theta CCMP2712]
Nematostella_vectensis_RRUSv1___NVEC200_004895_1.1	OG0010304	Nematostella_vectensis_RRUSv1	NA	NA	NA	NA	NA	NA	NA	NA	NA	NA
Orbicella_faveolata_NAPAv1___XP_020613704.1	OG0010304	Orbicella_faveolata_NAPAv1	NA	NA	NA	NA	NA	NA	NA	NA	NA	NA
Paramuricea_clavata_CTESv1___085862P1	OG0010304	Paramuricea_clavata_CTESv1	NA	NA	NA	NA	NA	NA	NA	NA	NA	NA
Physalia_physalis_OKJPv1___GHBB01017636.1.p1	OG0010304	Physalia_physalis_OKJPv1	NA	NA	NA	NA	NA	NA	NA	NA	NA	NA
Physalia_physalis_OKJPv1___GHBB01017637.1.p1	OG0010304	Physalia_physalis_OKJPv1	NA	NA	NA	NA	NA	NA	NA	NA	NA	NA
Platygyra_sinensis_SDTHv1___evm.model.contig_38097.7	OG0010304	Platygyra_sinensis_SDTHv1	NA	NA	NA	NA	NA	NA	NA	NA	NA	NA
Platygyra_sinensis_SDTHv1___evm.model.contig_38102.1	OG0010304	Platygyra_sinensis_SDTHv1	NA	NA	NA	NA	NA	NA	NA	NA	NA	NA
Plexaura_homomalla_PRUSv1___TR26374_c0_g1_i1.p1	OG0010304	Plexaura_homomalla_PRUSv1	NA	NA	NA	NA	NA	NA	NA	NA	NA	NA
Plexaura_kukenthali_PRUSv1___TR43672_c0_g1_i1.p1	OG0010304	Plexaura_kukenthali_PRUSv1	NA	NA	NA	NA	NA	NA	NA	NA	NA	NA
Pocillopora_acuta_KBHIv2___RNAseq.g17217.t1	OG0010304	Pocillopora_acuta_KBHIv2	NA	NA	NA	NA	NA	NA	NA	NA	NA	NA
Pocillopora_cf_effusa_NAPFv3___00003880	OG0010304	Pocillopora_cf_effusa_NAPFv3	NA	NA	NA	NA	NA	NA	NA	NA	NA	NA
Pocillopora_damicornis_SIPAv1___00008105-RA	OG0010304	Pocillopora_damicornis_SIPAv1	NA	NA	NA	NA	NA	NA	NA	NA	NA	NA
Pocillopora_meandrina_KBHIv1___TS.g25859.t1	OG0010304	Pocillopora_meandrina_KBHIv1	NA	NA	NA	NA	NA	NA	NA	NA	NA	NA
Pocillopora_verrucosa_RSSAv1___novel_model_139_5de57afd	OG0010304	Pocillopora_verrucosa_RSSAv1	NA	NA	NA	NA	NA	NA	NA	NA	NA	NA
Pocillopora_verrucosa_XSCSv1___transcript_HQ_E1_1_transcript17043_f2p0_1451_m.66	OG0010304	Pocillopora_verrucosa_XSCSv1	NA	NA	NA	NA	NA	NA	NA	NA	NA	NA
Podocoryna_carnea_NANAv1___GBEH01054073.1.p1	OG0010304	Podocoryna_carnea_NANAv1	NA	NA	NA	NA	NA	NA	NA	NA	NA	NA
Podocoryna_carnea_NANAv1___GBEH01058181.1.p1	OG0010304	Podocoryna_carnea_NANAv1	NA	NA	NA	NA	NA	NA	NA	NA	NA	NA
Porites_australiensis_SLJPv1___s0015.g34.t1	OG0010304	Porites_australiensis_SLJPv1	NA	NA	NA	NA	NA	NA	NA	NA	NA	NA
Porites_compressa_KBHIv1___RNAseq.g10596.t1	OG0010304	Porites_compressa_KBHIv1	NA	NA	NA	NA	NA	NA	NA	NA	NA	NA
Porites_evermanni_NAPFv1___00001088	OG0010304	Porites_evermanni_NAPFv1	NA	NA	NA	NA	NA	NA	NA	NA	NA	NA
Porites_lobata_NAPFv3___00027853	OG0010304	Porites_lobata_NAPFv3	NA	NA	NA	NA	NA	NA	NA	NA	NA	NA
Porites_lobata_REEFv1___20489	OG0010304	Porites_lobata_REEFv1	NA	NA	NA	NA	NA	NA	NA	NA	NA	NA
Porites_rus_NAIDv1___10526_t	OG0010304	Porites_rus_NAIDv1	NA	NA	NA	NA	NA	NA	NA	NA	NA	NA
Porpita_porpita_YOJPv1___GHBA01080864.1.p1	OG0010304	Porpita_porpita_YOJPv1	NA	NA	NA	NA	NA	NA	NA	NA	NA	NA
Pseudodiploria_strigosa_REEFv1___15580	OG0010304	Pseudodiploria_strigosa_REEFv1	NA	NA	NA	NA	NA	NA	NA	NA	NA	NA
Renilla_muelleri_FLUSv1___g12240.t1	OG0010304	Renilla_muelleri_FLUSv1	NA	NA	NA	NA	NA	XP_005840451_1	0.0000000673	59.3	905079	hypothetical protein GUITHDRAFT_101172 [Guillardia theta CCMP2712]
Rhodactis_indosinensis_NATWv1___GELO01032004.1.p1	OG0010304	Rhodactis_indosinensis_NATWv1	NA	NA	NA	NA	NA	NA	NA	NA	NA	NA
Ricordea_yuma_NAAUv1___GELN01032509.1.p1	OG0010304	Ricordea_yuma_NAAUv1	NA	NA	NA	NA	NA	NA	NA	NA	NA	NA
Seriatopora_hystrix_REEFv1___62604	OG0010304	Seriatopora_hystrix_REEFv1	NA	NA	NA	NA	NA	NA	NA	NA	NA	NA
Stylophora_pistillata_GAJOv1___2179	OG0010304	Stylophora_pistillata_GAJOv1	NA	NA	NA	NA	NA	NA	NA	NA	NA	NA
Tripedalia_cystophora_Conant1897_1897v1___GGWE01007352.1.p1	OG0010304	Tripedalia_cystophora_Conant1897_1897v1	NA	NA	NA	NA	NA	XP_005840451_1	0.0000000274	64.3	905079	hypothetical protein GUITHDRAFT_101172 [Guillardia theta CCMP2712]
Xenia_sp_CTEAv1___Xe_004722-T1	OG0010304	Xenia_sp_CTEAv1	NA	NA	NA	NA	NA	NA	NA	NA	NA	NA
